Workbook
Name SearchTomas: #REF!
Name Tomas: #REF!
Name NazwanyZakres1: Players!$G:$G

Sheet Players
A1: playername | B1: username | C1: ranking | D1: percentile | E1: place | F1: warcount | G1: nationality | H1: clanhistory | I1: cup1on1edition1 | J1: meeting | K1: cup3on3 | L1: active | M1: ban | N1: lastwar | O1: fpw | P1: fpwmax | Q1: fpwmin | R1: last30days | S1: last365days | T1: lastwarpc | U1: s4_22wars | V1: s4_22fpw
A2: Zielony | B2: zielony | C2: 1368.1071 | D2: =NORMDIST(C2,1000,STDEV($C$2:$C$39)+0.00001,TRUE) -> 0.99999585 | F2: =COUNTIF('Match History'!A:BK,"zielony") -> 776 | G2: PL | H2: suRe, stArs | I2: 3 | K2: 1 | L2: =AND($N2<>"no war", $N2>=DATE(2022, 12, 31)-30, $M2<>TRUE) -> TRUE | M2: FALSE | N2: {=IF(F2=0, "no war", INDEX('Match History'!A:A, MAX(MAX(('Match History'!B:B=B2)*(ROW('Match History'!B:B))),MAX(('Match History'!F:F=B2)*(ROW('Match History'!F:F))),MAX(('Match History'!J:J=B2)*(ROW('Match History'!J:J))),MAX(('Match History'!N:N=B2)*(ROW('Match History'!N:N))),MAX(('Match History'!R:R=B2)*(ROW('Match History'!R:R))),MAX(('Match History'!V:V=B2)*(ROW('Match History'!V:V))),MAX(('Match History'!Z:Z=B2)*(ROW('Match History'!Z:Z))),MAX(('Match History'!AD:AD=B2)*(ROW('Match History'!AD:AD))),MAX(('Match History'!AH:AH=B2)*(ROW('Match History'!AH:AH))),MAX(('Match History'!AL:AL=B2)*(ROW('Match History'!AL:AL))),MAX(('Match History'!AV:AV=B2)*(ROW('Match History'!AV:AV))),MAX(('Match History'!AZ:AZ=B2)*(ROW('Match History'!AZ:AZ))),MAX(('Match History'!BD:BD=B2)*(ROW('Match History'!BD:BD))),MAX(('Match History'!BH:BH=B2)*(ROW('Match History'!BH:BH)))), 1))} -> 44925.925 | O2: =(SUMIF('Match History'!B:B,B2,'Match History'!D:D)+SUMIF('Match History'!F:F,B2,'Match History'!H:H)+SUMIF('Match History'!J:J,B2,'Match History'!L:L)+SUMIF('Match History'!N:N,B2,'Match History'!P:P)+SUMIF('Match History'!R:R,B2,'Match History'!T:T)+SUMIF('Match History'!V:V,B2,'Match History'!X:X)+SUMIF('Match History'!Z:Z,B2,'Match History'!AB:AB)+SUMIF('Match History'!AD:AD,B2,'Match History'!AF:AF)+SUMIF('Match History'!AH:AH,B2,'Match History'!AJ:AJ)+SUMIF('Match History'!AL:AL,B2,'Match History'!AN:AN)+SUMIF('Match History'!AV:AV,B2,'Match History'!AX:AX)+SUMIF('Match History'!AZ:AZ,B2,'Match History'!BB:BB)+SUMIF('Match History'!BD:BD,B2,'Match History'!BF:BF)+SUMIF('Match History'!BH:BH,B2,'Match History'!BJ:BJ))/IF(F2=0,1,F2) -> 29.64433 | P2: {=MAX(MAX(IF('Match History'!B:B=B2,'Match History'!D:D,)),MAX(IF('Match History'!F:F=B2,'Match History'!H:H,)),MAX(IF('Match History'!J:J=B2,'Match History'!L:L,)),MAX(IF('Match History'!N:N=B2,'Match History'!P:P,)),MAX(IF('Match History'!R:R=B2,'Match History'!T:T,)),MAX(IF('Match History'!V:V=B2,'Match History'!X:X,)),MAX(IF('Match History'!Z:Z=B2,'Match History'!AB:AB,)),MAX(IF('Match History'!AD:AD=B2,'Match History'!AF:AF,)),MAX(IF('Match History'!AH:AH=B2,'Match History'!AJ:AJ,)),MAX(IF('Match History'!AL:AL=B2,'Match History'!AN:AN,)),MAX(IF('Match History'!AV:AV=B2,'Match History'!AX:AX,)),MAX(IF('Match History'!AZ:AZ=B2,'Match History'!BB:BB,)),MAX(IF('Match History'!BD:BD=B2,'Match History'!BF:BF,)),MAX(IF('Match History'!BH:BH=B2,'Match History'!BJ:BJ,)))} -> 93 | Q2: {=IF(F2=0,0,MIN(MIN(IF('Match History'!B:B=B2,'Match History'!D:D,999)),MIN(IF('Match History'!F:F=B2,'Match History'!H:H,999)),MIN(IF('Match History'!J:J=B2,'Match History'!L:L,999)),MIN(IF('Match History'!N:N=B2,'Match History'!P:P,999)),MIN(IF('Match History'!R:R=B2,'Match History'!T:T,999)),MIN(IF('Match History'!V:V=B2,'Match History'!X:X,999)),MIN(IF('Match History'!Z:Z=B2,'Match History'!AB:AB,999)),MIN(IF('Match History'!AD:AD=B2,'Match History'!AF:AF,999)),MIN(IF('Match History'!AH:AH=B2,'Match History'!AJ:AJ,999)),MIN(IF('Match History'!AL:AL=B2,'Match History'!AN:AN,999)),MIN(IF('Match History'!AV:AV=B2,'Match History'!AX:AX,999)),MIN(IF('Match History'!AZ:AZ=B2,'Match History'!BB:BB,999)),MIN(IF('Match History'!BD:BD=B2,'Match History'!BF:BF,999)),MIN(IF('Match History'!BH:BH=B2,'Match History'!BJ:BJ,999))))} -> 10 | R2: =COUNTIFS('Match History'!B:B,B2,'Match History'!A:A,">="&(DATE(2022,12,31)-30))+COUNTIFS('Match History'!F:F,B2,'Match History'!A:A,">="&(DATE(2022,12,31)-30))+COUNTIFS('Match History'!J:J,B2,'Match History'!A:A,">="&(DATE(2022,12,31)-30))+COUNTIFS('Match History'!N:N,B2,'Match History'!A:A,">="&(DATE(2022,12,31)-30))+COUNTIFS('Match History'!R:R,B2,'Match History'!A:A,">="&(DATE(2022,12,31)-30))+COUNTIFS('Match History'!V:V,B2,'Match History'!A:A,">="&(DATE(2022,12,31)-30))+COUNTIFS('Match History'!Z:Z,B2,'Match History'!A:A,">="&(DATE(2022,12,31)-30))+COUNTIFS('Match History'!AD:AD,B2,'Match History'!A:A,">="&(DATE(2022,12,31)-30))+COUNTIFS('Match History'!AH:AH,B2,'Match History'!A:A,">="&(DATE(2022,12,31)-30))+COUNTIFS('Match History'!AL:AL,B2,'Match History'!A:A,">="&(DATE(2022,12,31)-30))+COUNTIFS('Match History'!AV:AV,B2,'Match History'!A:A,">="&(DATE(2022,12,31)-30))+COUNTIFS('Match History'!AZ:AZ,B2,'Match History'!A:A,">="&(DATE(2022,12,31)-30))+COUNTIFS('Match History'!BD:BD,B2,'Match History'!A:A,">="&(DATE(2022,12,31)-30))+COUNTIFS('Match History'!BH:BH,B2,'Match History'!A:A,">="&(DATE(2022,12,31)-30)) -> 45 | S2: =COUNTIFS('Match History'!B:B,B2,'Match History'!A:A,">="&(DATE(2022,12,31)-365))+COUNTIFS('Match History'!F:F,B2,'Match History'!A:A,">="&(DATE(2022,12,31)-365))+COUNTIFS('Match History'!J:J,B2,'Match History'!A:A,">="&(DATE(2022,12,31)-365))+COUNTIFS('Match History'!N:N,B2,'Match History'!A:A,">="&(DATE(2022,12,31)-365))+COUNTIFS('Match History'!R:R,B2,'Match History'!A:A,">="&(DATE(2022,12,31)-365))+COUNTIFS('Match History'!V:V,B2,'Match History'!A:A,">="&(DATE(2022,12,31)-365))+COUNTIFS('Match History'!Z:Z,B2,'Match History'!A:A,">="&(DATE(2022,12,31)-365))+COUNTIFS('Match History'!AD:AD,B2,'Match History'!A:A,">="&(DATE(2022,12,31)-365))+COUNTIFS('Match History'!AH:AH,B2,'Match History'!A:A,">="&(DATE(2022,12,31)-365))+COUNTIFS('Match History'!AL:AL,B2,'Match History'!A:A,">="&(DATE(2022,12,31)-365))+COUNTIFS('Match History'!AV:AV,B2,'Match History'!A:A,">="&(DATE(2022,12,31)-365))+COUNTIFS('Match History'!AZ:AZ,B2,'Match History'!A:A,">="&(DATE(2022,12,31)-365))+COUNTIFS('Match History'!BD:BD,B2,'Match History'!A:A,">="&(DATE(2022,12,31)-365))+COUNTIFS('Match History'!BH:BH,B2,'Match History'!A:A,">="&(DATE(2022,12,31)-365)) -> 254 | T2: {=IF(F2=0,0,INDEX('Match History'!B:BK,MATCH(N2,'Match History'!A:A,0),MATCH(B2,INDEX('Match History'!B:BK,MATCH(N2,'Match History'!A:A,0),0),0)+3)-INDEX('Match History'!B:BK,MATCH(N2,'Match History'!A:A,0),MATCH(B2,INDEX('Match History'!B:BK,MATCH(N2,'Match History'!A:A,0),0),0)+1))} -> -0.41205241 | U2: =COUNTIFS('Match History'!B:B,B2,'Match History'!A:A,">="&(DATE(2022,12,31)-92)) +COUNTIFS('Match History'!F:F,B2,'Match History'!A:A,">="&(DATE(2022,12,31)-92)) +COUNTIFS('Match History'!J:J,B2,'Match History'!A:A,">="&(DATE(2022,12,31)-92)) +COUNTIFS('Match History'!N:N,B2,'Match History'!A:A,">="&(DATE(2022,12,31)-92)) +COUNTIFS('Match History'!R:R,B2,'Match History'!A:A,">="&(DATE(2022,12,31)-92)) +COUNTIFS('Match History'!V:V,B2,'Match History'!A:A,">="&(DATE(2022,12,31)-92)) +COUNTIFS('Match History'!Z:Z,B2,'Match History'!A:A,">="&(DATE(2022,12,31)-92)) +COUNTIFS('Match History'!AD:AD,B2,'Match History'!A:A,">="&(DATE(2022,12,31)-92)) +COUNTIFS('Match History'!AH:AH,B2,'Match History'!A:A,">="&(DATE(2022,12,31)-92)) +COUNTIFS('Match History'!AL:AL,B2,'Match History'!A:A,">="&(DATE(2022,12,31)-92)) +COUNTIFS('Match History'!AV:AV,B2,'Match History'!A:A,">="&(DATE(2022,12,31)-92)) +COUNTIFS('Match History'!AZ:AZ,B2,'Match History'!A:A,">="&(DATE(2022,12,31)-92)) +COUNTIFS('Match History'!BD:BD,B2,'Match History'!A:A,">="&(DATE(2022,12,31)-92)) +COUNTIFS('Match History'!BH:BH,B2,'Match History'!A:A,">="&(DATE(2022,12,31)-92)) -> 107 | V2: =IF(U2=0,0,(SUMIFS('Match History'!D:D,'Match History'!A:A,">=10/01/2022 00:00",'Match History'!A:A,"<=12/31/2022 23:59",'Match History'!B:B,B2) +SUMIFS('Match History'!H:H,'Match History'!A:A,">=10/01/2022 00:00",'Match History'!A:A,"<=12/31/2022 23:59",'Match History'!F:F,B2) +SUMIFS('Match History'!L:L,'Match History'!A:A,">=10/01/2022 00:00",'Match History'!A:A,"<=12/31/2022 23:59",'Match History'!J:J,B2) +SUMIFS('Match History'!P:P,'Match History'!A:A,">=10/01/2022 00:00",'Match History'!A:A,"<=12/31/2022 23:59",'Match History'!N:N,B2) +SUMIFS('Match History'!T:T,'Match History'!A:A,">=10/01/2022 00:00",'Match History'!A:A,"<=12/31/2022 23:59",'Match History'!R:R,B2) +SUMIFS('Match History'!X:X,'Match History'!A:A,">=10/01/2022 00:00",'Match History'!A:A,"<=12/31/2022 23:59",'Match History'!V:V,B2) +SUMIFS('Match History'!AB:AB,'Match History'!A:A,">=10/01/2022 00:00",'Match History'!A:A,"<=12/31/2022 23:59",'Match History'!Z:Z,B2) +SUMIFS('Match History'!AF:AF,'Match History'!A:A,">=10/01/2022 00:00",'Match History'!A:A,"<=12/31/2022 23:59",'Match History'!AD:AD,B2) +SUMIFS('Match History'!AJ:AJ,'Match History'!A:A,">=10/01/2022 00:00",'Match History'!A:A,"<=12/31/2022 23:59",'Match History'!AH:AH,B2) +SUMIFS('Match History'!AN:AN,'Match History'!A:A,">=10/01/2022 00:00",'Match History'!A:A,"<=12/31/2022 23:59",'Match History'!AL:AL,B2) +SUMIFS('Match History'!AX:AX,'Match History'!A:A,">=10/01/2022 00:00",'Match History'!A:A,"<=12/31/2022 23:59",'Match History'!AV:AV,B2)+SUMIFS('Match History'!BB:BB,'Match History'!A:A,">=10/01/2022 00:00",'Match History'!A:A,"<=12/31/2022 23:59",'Match History'!AZ:AZ,B2) +SUMIFS('Match History'!BF:BF,'Match History'!A:A,">=10/01/2022 00:00",'Match History'!A:A,"<=12/31/2022 23:59",'Match History'!BD:BD,B2) +SUMIFS('Match History'!BJ:BJ,'Match History'!A:A,">=10/01/2022 00:00",'Match History'!A:A,"<=12/31/2022 23:59",'Match History'!BH:BH,B2))/U2) -> 28.700935
A3: Zielakpr0 | B3: zielak | C3: 1190.7306 | D3: =NORMDIST(C3,1000,STDEV($C$2:$C$39)+0.00001,TRUE) -> 0.98954164 | F3: =COUNTIF('Match History'!A:BK,"zielak") -> 918 | G3: PL | H3: - [T]eamForce- | I3: - | J3: 1 | K3: 1 | L3: =AND($N3<>"no war", $N3>=DATE(2022, 12, 31)-30, $M3<>TRUE) -> TRUE | M3: FALSE | N3: {=IF(F3=0, "no war", INDEX('Match History'!A:A, MAX(MAX(('Match History'!B:B=B3)*(ROW('Match History'!B:B))),MAX(('Match History'!F:F=B3)*(ROW('Match History'!F:F))),MAX(('Match History'!J:J=B3)*(ROW('Match History'!J:J))),MAX(('Match History'!N:N=B3)*(ROW('Match History'!N:N))),MAX(('Match History'!R:R=B3)*(ROW('Match History'!R:R))),MAX(('Match History'!V:V=B3)*(ROW('Match History'!V:V))),MAX(('Match History'!Z:Z=B3)*(ROW('Match History'!Z:Z))),MAX(('Match History'!AD:AD=B3)*(ROW('Match History'!AD:AD))),MAX(('Match History'!AH:AH=B3)*(ROW('Match History'!AH:AH))),MAX(('Match History'!AL:AL=B3)*(ROW('Match History'!AL:AL))),MAX(('Match History'!AV:AV=B3)*(ROW('Match History'!AV:AV))),MAX(('Match History'!AZ:AZ=B3)*(ROW('Match History'!AZ:AZ))),MAX(('Match History'!BD:BD=B3)*(ROW('Match History'!BD:BD))),MAX(('Match History'!BH:BH=B3)*(ROW('Match History'!BH:BH)))), 1))} -> 44926.114 | O3: =(SUMIF('Match History'!B:B,B3,'Match History'!D:D)+SUMIF('Match History'!F:F,B3,'Match History'!H:H)+SUMIF('Match History'!J:J,B3,'Match History'!L:L)+SUMIF('Match History'!N:N,B3,'Match History'!P:P)+SUMIF('Match History'!R:R,B3,'Match History'!T:T)+SUMIF('Match History'!V:V,B3,'Match History'!X:X)+SUMIF('Match History'!Z:Z,B3,'Match History'!AB:AB)+SUMIF('Match History'!AD:AD,B3,'Match History'!AF:AF)+SUMIF('Match History'!AH:AH,B3,'Match History'!AJ:AJ)+SUMIF('Match History'!AL:AL,B3,'Match History'!AN:AN)+SUMIF('Match History'!AV:AV,B3,'Match History'!AX:AX)+SUMIF('Match History'!AZ:AZ,B3,'Match History'!BB:BB)+SUMIF('Match History'!BD:BD,B3,'Match History'!BF:BF)+SUMIF('Match History'!BH:BH,B3,'Match History'!BJ:BJ))/IF(F3=0,1,F3) -> 23.253813 | P3: {=MAX(MAX(IF('Match History'!B:B=B3,'Match History'!D:D,)),MAX(IF('Match History'!F:F=B3,'Match History'!H:H,)),MAX(IF('Match History'!J:J=B3,'Match History'!L:L,)),MAX(IF('Match History'!N:N=B3,'Match History'!P:P,)),MAX(IF('Match History'!R:R=B3,'Match History'!T:T,)),MAX(IF('Match History'!V:V=B3,'Match History'!X:X,)),MAX(IF('Match History'!Z:Z=B3,'Match History'!AB:AB,)),MAX(IF('Match History'!AD:AD=B3,'Match History'!AF:AF,)),MAX(IF('Match History'!AH:AH=B3,'Match History'!AJ:AJ,)),MAX(IF('Match History'!AL:AL=B3,'Match History'!AN:AN,)),MAX(IF('Match History'!AV:AV=B3,'Match History'!AX:AX,)),MAX(IF('Match History'!AZ:AZ=B3,'Match History'!BB:BB,)),MAX(IF('Match History'!BD:BD=B3,'Match History'!BF:BF,)),MAX(IF('Match History'!BH:BH=B3,'Match History'!BJ:BJ,)))} -> 62 | Q3: {=IF(F3=0,0,MIN(MIN(IF('Match History'!B:B=B3,'Match History'!D:D,999)),MIN(IF('Match History'!F:F=B3,'Match History'!H:H,999)),MIN(IF('Match History'!J:J=B3,'Match History'!L:L,999)),MIN(IF('Match History'!N:N=B3,'Match History'!P:P,999)),MIN(IF('Match History'!R:R=B3,'Match History'!T:T,999)),MIN(IF('Match History'!V:V=B3,'Match History'!X:X,999)),MIN(IF('Match History'!Z:Z=B3,'Match History'!AB:AB,999)),MIN(IF('Match History'!AD:AD=B3,'Match History'!AF:AF,999)),MIN(IF('Match History'!AH:AH=B3,'Match History'!AJ:AJ,999)),MIN(IF('Match History'!AL:AL=B3,'Match History'!AN:AN,999)),MIN(IF('Match History'!AV:AV=B3,'Match History'!AX:AX,999)),MIN(IF('Match History'!AZ:AZ=B3,'Match History'!BB:BB,999)),MIN(IF('Match History'!BD:BD=B3,'Match History'!BF:BF,999)),MIN(IF('Match History'!BH:BH=B3,'Match History'!BJ:BJ,999))))} -> 5 | R3: =COUNTIFS('Match History'!B:B,B3,'Match History'!A:A,">="&(DATE(2022,12,31)-30))+COUNTIFS('Match History'!F:F,B3,'Match History'!A:A,">="&(DATE(2022,12,31)-30))+COUNTIFS('Match History'!J:J,B3,'Match History'!A:A,">="&(DATE(2022,12,31)-30))+COUNTIFS('Match History'!N:N,B3,'Match History'!A:A,">="&(DATE(2022,12,31)-30))+COUNTIFS('Match History'!R:R,B3,'Match History'!A:A,">="&(DATE(2022,12,31)-30))+COUNTIFS('Match History'!V:V,B3,'Match History'!A:A,">="&(DATE(2022,12,31)-30))+COUNTIFS('Match History'!Z:Z,B3,'Match History'!A:A,">="&(DATE(2022,12,31)-30))+COUNTIFS('Match History'!AD:AD,B3,'Match History'!A:A,">="&(DATE(2022,12,31)-30))+COUNTIFS('Match History'!AH:AH,B3,'Match History'!A:A,">="&(DATE(2022,12,31)-30))+COUNTIFS('Match History'!AL:AL,B3,'Match History'!A:A,">="&(DATE(2022,12,31)-30))+COUNTIFS('Match History'!AV:AV,B3,'Match History'!A:A,">="&(DATE(2022,12,31)-30))+COUNTIFS('Match History'!AZ:AZ,B3,'Match History'!A:A,">="&(DATE(2022,12,31)-30))+COUNTIFS('Match History'!BD:BD,B3,'Match History'!A:A,">="&(DATE(2022,12,31)-30))+COUNTIFS('Match History'!BH:BH,B3,'Match History'!A:A,">="&(DATE(2022,12,31)-30)) -> 58 | S3: =COUNTIFS('Match History'!B:B,B3,'Match History'!A:A,">="&(DATE(2022,12,31)-365))+COUNTIFS('Match History'!F:F,B3,'Match History'!A:A,">="&(DATE(2022,12,31)-365))+COUNTIFS('Match History'!J:J,B3,'Match History'!A:A,">="&(DATE(2022,12,31)-365))+COUNTIFS('Match History'!N:N,B3,'Match History'!A:A,">="&(DATE(2022,12,31)-365))+COUNTIFS('Match History'!R:R,B3,'Match History'!A:A,">="&(DATE(2022,12,31)-365))+COUNTIFS('Match History'!V:V,B3,'Match History'!A:A,">="&(DATE(2022,12,31)-365))+COUNTIFS('Match History'!Z:Z,B3,'Match History'!A:A,">="&(DATE(2022,12,31)-365))+COUNTIFS('Match History'!AD:AD,B3,'Match History'!A:A,">="&(DATE(2022,12,31)-365))+COUNTIFS('Match History'!AH:AH,B3,'Match History'!A:A,">="&(DATE(2022,12,31)-365))+COUNTIFS('Match History'!AL:AL,B3,'Match History'!A:A,">="&(DATE(2022,12,31)-365))+COUNTIFS('Match History'!AV:AV,B3,'Match History'!A:A,">="&(DATE(2022,12,31)-365))+COUNTIFS('Match History'!AZ:AZ,B3,'Match History'!A:A,">="&(DATE(2022,12,31)-365))+COUNTIFS('Match History'!BD:BD,B3,'Match History'!A:A,">="&(DATE(2022,12,31)-365))+COUNTIFS('Match History'!BH:BH,B3,'Match History'!A:A,">="&(DATE(2022,12,31)-365)) -> 434 | T3: {=IF(F3=0,0,INDEX('Match History'!B:BK,MATCH(N3,'Match History'!A:A,0),MATCH(B3,INDEX('Match History'!B:BK,MATCH(N3,'Match History'!A:A,0),0),0)+3)-INDEX('Match History'!B:BK,MATCH(N3,'Match History'!A:A,0),MATCH(B3,INDEX('Match History'!B:BK,MATCH(N3,'Match History'!A:A,0),0),0)+1))} -> -4.6332496 | U3: =COUNTIFS('Match History'!B:B,B3,'Match History'!A:A,">="&(DATE(2022,12,31)-92)) +COUNTIFS('Match History'!F:F,B3,'Match History'!A:A,">="&(DATE(2022,12,31)-92)) +COUNTIFS('Match History'!J:J,B3,'Match History'!A:A,">="&(DATE(2022,12,31)-92)) +COUNTIFS('Match History'!N:N,B3,'Match History'!A:A,">="&(DATE(2022,12,31)-92)) +COUNTIFS('Match History'!R:R,B3,'Match History'!A:A,">="&(DATE(2022,12,31)-92)) +COUNTIFS('Match History'!V:V,B3,'Match History'!A:A,">="&(DATE(2022,12,31)-92)) +COUNTIFS('Match History'!Z:Z,B3,'Match History'!A:A,">="&(DATE(2022,12,31)-92)) +COUNTIFS('Match History'!AD:AD,B3,'Match History'!A:A,">="&(DATE(2022,12,31)-92)) +COUNTIFS('Match History'!AH:AH,B3,'Match History'!A:A,">="&(DATE(2022,12,31)-92)) +COUNTIFS('Match History'!AL:AL,B3,'Match History'!A:A,">="&(DATE(2022,12,31)-92)) +COUNTIFS('Match History'!AV:AV,B3,'Match History'!A:A,">="&(DATE(2022,12,31)-92)) +COUNTIFS('Match History'!AZ:AZ,B3,'Match History'!A:A,">="&(DATE(2022,12,31)-92)) +COUNTIFS('Match History'!BD:BD,B3,'Match History'!A:A,">="&(DATE(2022,12,31)-92)) +COUNTIFS('Match History'!BH:BH,B3,'Match History'!A:A,">="&(DATE(2022,12,31)-92)) -> 143 | V3: =IF(U3=0,0,(SUMIFS('Match History'!D:D,'Match History'!A:A,">=10/01/2022 00:00",'Match History'!A:A,"<=12/31/2022 23:59",'Match History'!B:B,B3) +SUMIFS('Match History'!H:H,'Match History'!A:A,">=10/01/2022 00:00",'Match History'!A:A,"<=12/31/2022 23:59",'Match History'!F:F,B3) +SUMIFS('Match History'!L:L,'Match History'!A:A,">=10/01/2022 00:00",'Match History'!A:A,"<=12/31/2022 23:59",'Match History'!J:J,B3) +SUMIFS('Match History'!P:P,'Match History'!A:A,">=10/01/2022 00:00",'Match History'!A:A,"<=12/31/2022 23:59",'Match History'!N:N,B3) +SUMIFS('Match History'!T:T,'Match History'!A:A,">=10/01/2022 00:00",'Match History'!A:A,"<=12/31/2022 23:59",'Match History'!R:R,B3) +SUMIFS('Match History'!X:X,'Match History'!A:A,">=10/01/2022 00:00",'Match History'!A:A,"<=12/31/2022 23:59",'Match History'!V:V,B3) +SUMIFS('Match History'!AB:AB,'Match History'!A:A,">=10/01/2022 00:00",'Match History'!A:A,"<=12/31/2022 23:59",'Match History'!Z:Z,B3) +SUMIFS('Match History'!AF:AF,'Match History'!A:A,">=10/01/2022 00:00",'Match History'!A:A,"<=12/31/2022 23:59",'Match History'!AD:AD,B3) +SUMIFS('Match History'!AJ:AJ,'Match History'!A:A,">=10/01/2022 00:00",'Match History'!A:A,"<=12/31/2022 23:59",'Match History'!AH:AH,B3) +SUMIFS('Match History'!AN:AN,'Match History'!A:A,">=10/01/2022 00:00",'Match History'!A:A,"<=12/31/2022 23:59",'Match History'!AL:AL,B3) +SUMIFS('Match History'!AX:AX,'Match History'!A:A,">=10/01/2022 00:00",'Match History'!A:A,"<=12/31/2022 23:59",'Match History'!AV:AV,B3)+SUMIFS('Match History'!BB:BB,'Match History'!A:A,">=10/01/2022 00:00",'Match History'!A:A,"<=12/31/2022 23:59",'Match History'!AZ:AZ,B3) +SUMIFS('Match History'!BF:BF,'Match History'!A:A,">=10/01/2022 00:00",'Match History'!A:A,"<=12/31/2022 23:59",'Match History'!BD:BD,B3) +SUMIFS('Match History'!BJ:BJ,'Match History'!A:A,">=10/01/2022 00:00",'Match History'!A:A,"<=12/31/2022 23:59",'Match History'!BH:BH,B3))/U3) -> 24.468531
A4: booGie | B4: boogie | C4: 1178.8854 | D4: =NORMDIST(C4,1000,STDEV(Players!$C$2:$C$39)+0.00001,TRUE) -> 0.98484652 | F4: =COUNTIF('Match History'!A:BK,"boogie") -> 297 | G4: PL | H4: stArs | I4: 1 | L4: =AND($N4<>"no war", $N4>=DATE(2022, 12, 31)-30, $M4<>TRUE) -> TRUE | M4: FALSE | N4: {=IF(F4=0, "no war", INDEX('Match History'!A:A, MAX(MAX(('Match History'!B:B=B4)*(ROW('Match History'!B:B))),MAX(('Match History'!F:F=B4)*(ROW('Match History'!F:F))),MAX(('Match History'!J:J=B4)*(ROW('Match History'!J:J))),MAX(('Match History'!N:N=B4)*(ROW('Match History'!N:N))),MAX(('Match History'!R:R=B4)*(ROW('Match History'!R:R))),MAX(('Match History'!V:V=B4)*(ROW('Match History'!V:V))),MAX(('Match History'!Z:Z=B4)*(ROW('Match History'!Z:Z))),MAX(('Match History'!AD:AD=B4)*(ROW('Match History'!AD:AD))),MAX(('Match History'!AH:AH=B4)*(ROW('Match History'!AH:AH))),MAX(('Match History'!AL:AL=B4)*(ROW('Match History'!AL:AL))),MAX(('Match History'!AV:AV=B4)*(ROW('Match History'!AV:AV))),MAX(('Match History'!AZ:AZ=B4)*(ROW('Match History'!AZ:AZ))),MAX(('Match History'!BD:BD=B4)*(ROW('Match History'!BD:BD))),MAX(('Match History'!BH:BH=B4)*(ROW('Match History'!BH:BH)))), 1))} -> 44926.825 | O4: =(SUMIF('Match History'!B:B,B4,'Match History'!D:D)+SUMIF('Match History'!F:F,B4,'Match History'!H:H)+SUMIF('Match History'!J:J,B4,'Match History'!L:L)+SUMIF('Match History'!N:N,B4,'Match History'!P:P)+SUMIF('Match History'!R:R,B4,'Match History'!T:T)+SUMIF('Match History'!V:V,B4,'Match History'!X:X)+SUMIF('Match History'!Z:Z,B4,'Match History'!AB:AB)+SUMIF('Match History'!AD:AD,B4,'Match History'!AF:AF)+SUMIF('Match History'!AH:AH,B4,'Match History'!AJ:AJ)+SUMIF('Match History'!AL:AL,B4,'Match History'!AN:AN)+SUMIF('Match History'!AV:AV,B4,'Match History'!AX:AX)+SUMIF('Match History'!AZ:AZ,B4,'Match History'!BB:BB)+SUMIF('Match History'!BD:BD,B4,'Match History'!BF:BF)+SUMIF('Match History'!BH:BH,B4,'Match History'!BJ:BJ))/IF(F4=0,1,F4) -> 30.861953 | P4: {=MAX(MAX(IF('Match History'!B:B=B4,'Match History'!D:D,)),MAX(IF('Match History'!F:F=B4,'Match History'!H:H,)),MAX(IF('Match History'!J:J=B4,'Match History'!L:L,)),MAX(IF('Match History'!N:N=B4,'Match History'!P:P,)),MAX(IF('Match History'!R:R=B4,'Match History'!T:T,)),MAX(IF('Match History'!V:V=B4,'Match History'!X:X,)),MAX(IF('Match History'!Z:Z=B4,'Match History'!AB:AB,)),MAX(IF('Match History'!AD:AD=B4,'Match History'!AF:AF,)),MAX(IF('Match History'!AH:AH=B4,'Match History'!AJ:AJ,)),MAX(IF('Match History'!AL:AL=B4,'Match History'!AN:AN,)),MAX(IF('Match History'!AV:AV=B4,'Match History'!AX:AX,)),MAX(IF('Match History'!AZ:AZ=B4,'Match History'!BB:BB,)),MAX(IF('Match History'!BD:BD=B4,'Match History'!BF:BF,)),MAX(IF('Match History'!BH:BH=B4,'Match History'!BJ:BJ,)))} -> 60 | Q4: {=IF(F4=0,0,MIN(MIN(IF('Match History'!B:B=B4,'Match History'!D:D,999)),MIN(IF('Match History'!F:F=B4,'Match History'!H:H,999)),MIN(IF('Match History'!J:J=B4,'Match History'!L:L,999)),MIN(IF('Match History'!N:N=B4,'Match History'!P:P,999)),MIN(IF('Match History'!R:R=B4,'Match History'!T:T,999)),MIN(IF('Match History'!V:V=B4,'Match History'!X:X,999)),MIN(IF('Match History'!Z:Z=B4,'Match History'!AB:AB,999)),MIN(IF('Match History'!AD:AD=B4,'Match History'!AF:AF,999)),MIN(IF('Match History'!AH:AH=B4,'Match History'!AJ:AJ,999)),MIN(IF('Match History'!AL:AL=B4,'Match History'!AN:AN,999)),MIN(IF('Match History'!AV:AV=B4,'Match History'!AX:AX,999)),MIN(IF('Match History'!AZ:AZ=B4,'Match History'!BB:BB,999)),MIN(IF('Match History'!BD:BD=B4,'Match History'!BF:BF,999)),MIN(IF('Match History'!BH:BH=B4,'Match History'!BJ:BJ,999))))} -> 8 | R4: =COUNTIFS('Match History'!B:B,B4,'Match History'!A:A,">="&(DATE(2022,12,31)-30))+COUNTIFS('Match History'!F:F,B4,'Match History'!A:A,">="&(DATE(2022,12,31)-30))+COUNTIFS('Match History'!J:J,B4,'Match History'!A:A,">="&(DATE(2022,12,31)-30))+COUNTIFS('Match History'!N:N,B4,'Match History'!A:A,">="&(DATE(2022,12,31)-30))+COUNTIFS('Match History'!R:R,B4,'Match History'!A:A,">="&(DATE(2022,12,31)-30))+COUNTIFS('Match History'!V:V,B4,'Match History'!A:A,">="&(DATE(2022,12,31)-30))+COUNTIFS('Match History'!Z:Z,B4,'Match History'!A:A,">="&(DATE(2022,12,31)-30))+COUNTIFS('Match History'!AD:AD,B4,'Match History'!A:A,">="&(DATE(2022,12,31)-30))+COUNTIFS('Match History'!AH:AH,B4,'Match History'!A:A,">="&(DATE(2022,12,31)-30))+COUNTIFS('Match History'!AL:AL,B4,'Match History'!A:A,">="&(DATE(2022,12,31)-30))+COUNTIFS('Match History'!AV:AV,B4,'Match History'!A:A,">="&(DATE(2022,12,31)-30))+COUNTIFS('Match History'!AZ:AZ,B4,'Match History'!A:A,">="&(DATE(2022,12,31)-30))+COUNTIFS('Match History'!BD:BD,B4,'Match History'!A:A,">="&(DATE(2022,12,31)-30))+COUNTIFS('Match History'!BH:BH,B4,'Match History'!A:A,">="&(DATE(2022,12,31)-30)) -> 18 | S4: =COUNTIFS('Match History'!B:B,B4,'Match History'!A:A,">="&(DATE(2022,12,31)-365))+COUNTIFS('Match History'!F:F,B4,'Match History'!A:A,">="&(DATE(2022,12,31)-365))+COUNTIFS('Match History'!J:J,B4,'Match History'!A:A,">="&(DATE(2022,12,31)-365))+COUNTIFS('Match History'!N:N,B4,'Match History'!A:A,">="&(DATE(2022,12,31)-365))+COUNTIFS('Match History'!R:R,B4,'Match History'!A:A,">="&(DATE(2022,12,31)-365))+COUNTIFS('Match History'!V:V,B4,'Match History'!A:A,">="&(DATE(2022,12,31)-365))+COUNTIFS('Match History'!Z:Z,B4,'Match History'!A:A,">="&(DATE(2022,12,31)-365))+COUNTIFS('Match History'!AD:AD,B4,'Match History'!A:A,">="&(DATE(2022,12,31)-365))+COUNTIFS('Match History'!AH:AH,B4,'Match History'!A:A,">="&(DATE(2022,12,31)-365))+COUNTIFS('Match History'!AL:AL,B4,'Match History'!A:A,">="&(DATE(2022,12,31)-365))+COUNTIFS('Match History'!AV:AV,B4,'Match History'!A:A,">="&(DATE(2022,12,31)-365))+COUNTIFS('Match History'!AZ:AZ,B4,'Match History'!A:A,">="&(DATE(2022,12,31)-365))+COUNTIFS('Match History'!BD:BD,B4,'Match History'!A:A,">="&(DATE(2022,12,31)-365))+COUNTIFS('Match History'!BH:BH,B4,'Match History'!A:A,">="&(DATE(2022,12,31)-365)) -> 82 | T4: {=IF(F4=0,0,INDEX('Match History'!B:BK,MATCH(N4,'Match History'!A:A,0),MATCH(B4,INDEX('Match History'!B:BK,MATCH(N4,'Match History'!A:A,0),0),0)+3)-INDEX('Match History'!B:BK,MATCH(N4,'Match History'!A:A,0),MATCH(B4,INDEX('Match History'!B:BK,MATCH(N4,'Match History'!A:A,0),0),0)+1))} -> 1.3233096 | U4: =COUNTIFS('Match History'!B:B,B4,'Match History'!A:A,">="&(DATE(2022,12,31)-92)) +COUNTIFS('Match History'!F:F,B4,'Match History'!A:A,">="&(DATE(2022,12,31)-92)) +COUNTIFS('Match History'!J:J,B4,'Match History'!A:A,">="&(DATE(2022,12,31)-92)) +COUNTIFS('Match History'!N:N,B4,'Match History'!A:A,">="&(DATE(2022,12,31)-92)) +COUNTIFS('Match History'!R:R,B4,'Match History'!A:A,">="&(DATE(2022,12,31)-92)) +COUNTIFS('Match History'!V:V,B4,'Match History'!A:A,">="&(DATE(2022,12,31)-92)) +COUNTIFS('Match History'!Z:Z,B4,'Match History'!A:A,">="&(DATE(2022,12,31)-92)) +COUNTIFS('Match History'!AD:AD,B4,'Match History'!A:A,">="&(DATE(2022,12,31)-92)) +COUNTIFS('Match History'!AH:AH,B4,'Match History'!A:A,">="&(DATE(2022,12,31)-92)) +COUNTIFS('Match History'!AL:AL,B4,'Match History'!A:A,">="&(DATE(2022,12,31)-92)) +COUNTIFS('Match History'!AV:AV,B4,'Match History'!A:A,">="&(DATE(2022,12,31)-92)) +COUNTIFS('Match History'!AZ:AZ,B4,'Match History'!A:A,">="&(DATE(2022,12,31)-92)) +COUNTIFS('Match History'!BD:BD,B4,'Match History'!A:A,">="&(DATE(2022,12,31)-92)) +COUNTIFS('Match History'!BH:BH,B4,'Match History'!A:A,">="&(DATE(2022,12,31)-92)) -> 18 | V4: =IF(U4=0,0,(SUMIFS('Match History'!D:D,'Match History'!A:A,">=10/01/2022 00:00",'Match History'!A:A,"<=12/31/2022 23:59",'Match History'!B:B,B4) +SUMIFS('Match History'!H:H,'Match History'!A:A,">=10/01/2022 00:00",'Match History'!A:A,"<=12/31/2022 23:59",'Match History'!F:F,B4) +SUMIFS('Match History'!L:L,'Match History'!A:A,">=10/01/2022 00:00",'Match History'!A:A,"<=12/31/2022 23:59",'Match History'!J:J,B4) +SUMIFS('Match History'!P:P,'Match History'!A:A,">=10/01/2022 00:00",'Match History'!A:A,"<=12/31/2022 23:59",'Match History'!N:N,B4) +SUMIFS('Match History'!T:T,'Match History'!A:A,">=10/01/2022 00:00",'Match History'!A:A,"<=12/31/2022 23:59",'Match History'!R:R,B4) +SUMIFS('Match History'!X:X,'Match History'!A:A,">=10/01/2022 00:00",'Match History'!A:A,"<=12/31/2022 23:59",'Match History'!V:V,B4) +SUMIFS('Match History'!AB:AB,'Match History'!A:A,">=10/01/2022 00:00",'Match History'!A:A,"<=12/31/2022 23:59",'Match History'!Z:Z,B4) +SUMIFS('Match History'!AF:AF,'Match History'!A:A,">=10/01/2022 00:00",'Match History'!A:A,"<=12/31/2022 23:59",'Match History'!AD:AD,B4) +SUMIFS('Match History'!AJ:AJ,'Match History'!A:A,">=10/01/2022 00:00",'Match History'!A:A,"<=12/31/2022 23:59",'Match History'!AH:AH,B4) +SUMIFS('Match History'!AN:AN,'Match History'!A:A,">=10/01/2022 00:00",'Match History'!A:A,"<=12/31/2022 23:59",'Match History'!AL:AL,B4) +SUMIFS('Match History'!AX:AX,'Match History'!A:A,">=10/01/2022 00:00",'Match History'!A:A,"<=12/31/2022 23:59",'Match History'!AV:AV,B4)+SUMIFS('Match History'!BB:BB,'Match History'!A:A,">=10/01/2022 00:00",'Match History'!A:A,"<=12/31/2022 23:59",'Match History'!AZ:AZ,B4) +SUMIFS('Match History'!BF:BF,'Match History'!A:A,">=10/01/2022 00:00",'Match History'!A:A,"<=12/31/2022 23:59",'Match History'!BD:BD,B4) +SUMIFS('Match History'!BJ:BJ,'Match History'!A:A,">=10/01/2022 00:00",'Match History'!A:A,"<=12/31/2022 23:59",'Match History'!BH:BH,B4))/U4) -> 33.833333
A5: SzyCha | B5: szycha | C5: 1090.9375 | D5: =NORMDIST(C5,1000,STDEV($C$2:$C$39)+0.00001,TRUE) -> 0.86457937 | F5: =COUNTIF('Match History'!A:BK,"szycha") -> 374 | G5: PL | H5: stArs | I5: - | K5: 1 | L5: =AND($N5<>"no war", $N5>=DATE(2022, 12, 31)-30, $M5<>TRUE) -> TRUE | M5: FALSE | N5: {=IF(F5=0, "no war", INDEX('Match History'!A:A, MAX(MAX(('Match History'!B:B=B5)*(ROW('Match History'!B:B))),MAX(('Match History'!F:F=B5)*(ROW('Match History'!F:F))),MAX(('Match History'!J:J=B5)*(ROW('Match History'!J:J))),MAX(('Match History'!N:N=B5)*(ROW('Match History'!N:N))),MAX(('Match History'!R:R=B5)*(ROW('Match History'!R:R))),MAX(('Match History'!V:V=B5)*(ROW('Match History'!V:V))),MAX(('Match History'!Z:Z=B5)*(ROW('Match History'!Z:Z))),MAX(('Match History'!AD:AD=B5)*(ROW('Match History'!AD:AD))),MAX(('Match History'!AH:AH=B5)*(ROW('Match History'!AH:AH))),MAX(('Match History'!AL:AL=B5)*(ROW('Match History'!AL:AL))),MAX(('Match History'!AV:AV=B5)*(ROW('Match History'!AV:AV))),MAX(('Match History'!AZ:AZ=B5)*(ROW('Match History'!AZ:AZ))),MAX(('Match History'!BD:BD=B5)*(ROW('Match History'!BD:BD))),MAX(('Match History'!BH:BH=B5)*(ROW('Match History'!BH:BH)))), 1))} -> 44925.089 | O5: =(SUMIF('Match History'!B:B,B5,'Match History'!D:D)+SUMIF('Match History'!F:F,B5,'Match History'!H:H)+SUMIF('Match History'!J:J,B5,'Match History'!L:L)+SUMIF('Match History'!N:N,B5,'Match History'!P:P)+SUMIF('Match History'!R:R,B5,'Match History'!T:T)+SUMIF('Match History'!V:V,B5,'Match History'!X:X)+SUMIF('Match History'!Z:Z,B5,'Match History'!AB:AB)+SUMIF('Match History'!AD:AD,B5,'Match History'!AF:AF)+SUMIF('Match History'!AH:AH,B5,'Match History'!AJ:AJ)+SUMIF('Match History'!AL:AL,B5,'Match History'!AN:AN)+SUMIF('Match History'!AV:AV,B5,'Match History'!AX:AX)+SUMIF('Match History'!AZ:AZ,B5,'Match History'!BB:BB)+SUMIF('Match History'!BD:BD,B5,'Match History'!BF:BF)+SUMIF('Match History'!BH:BH,B5,'Match History'!BJ:BJ))/IF(F5=0,1,F5) -> 20.120321 | P5: {=MAX(MAX(IF('Match History'!B:B=B5,'Match History'!D:D,)),MAX(IF('Match History'!F:F=B5,'Match History'!H:H,)),MAX(IF('Match History'!J:J=B5,'Match History'!L:L,)),MAX(IF('Match History'!N:N=B5,'Match History'!P:P,)),MAX(IF('Match History'!R:R=B5,'Match History'!T:T,)),MAX(IF('Match History'!V:V=B5,'Match History'!X:X,)),MAX(IF('Match History'!Z:Z=B5,'Match History'!AB:AB,)),MAX(IF('Match History'!AD:AD=B5,'Match History'!AF:AF,)),MAX(IF('Match History'!AH:AH=B5,'Match History'!AJ:AJ,)),MAX(IF('Match History'!AL:AL=B5,'Match History'!AN:AN,)),MAX(IF('Match History'!AV:AV=B5,'Match History'!AX:AX,)),MAX(IF('Match History'!AZ:AZ=B5,'Match History'!BB:BB,)),MAX(IF('Match History'!BD:BD=B5,'Match History'!BF:BF,)),MAX(IF('Match History'!BH:BH=B5,'Match History'!BJ:BJ,)))} -> 57 | Q5: {=IF(F5=0,0,MIN(MIN(IF('Match History'!B:B=B5,'Match History'!D:D,999)),MIN(IF('Match History'!F:F=B5,'Match History'!H:H,999)),MIN(IF('Match History'!J:J=B5,'Match History'!L:L,999)),MIN(IF('Match History'!N:N=B5,'Match History'!P:P,999)),MIN(IF('Match History'!R:R=B5,'Match History'!T:T,999)),MIN(IF('Match History'!V:V=B5,'Match History'!X:X,999)),MIN(IF('Match History'!Z:Z=B5,'Match History'!AB:AB,999)),MIN(IF('Match History'!AD:AD=B5,'Match History'!AF:AF,999)),MIN(IF('Match History'!AH:AH=B5,'Match History'!AJ:AJ,999)),MIN(IF('Match History'!AL:AL=B5,'Match History'!AN:AN,999)),MIN(IF('Match History'!AV:AV=B5,'Match History'!AX:AX,999)),MIN(IF('Match History'!AZ:AZ=B5,'Match History'!BB:BB,999)),MIN(IF('Match History'!BD:BD=B5,'Match History'!BF:BF,999)),MIN(IF('Match History'!BH:BH=B5,'Match History'!BJ:BJ,999))))} -> 2 | R5: =COUNTIFS('Match History'!B:B,B5,'Match History'!A:A,">="&(DATE(2022,12,31)-30))+COUNTIFS('Match History'!F:F,B5,'Match History'!A:A,">="&(DATE(2022,12,31)-30))+COUNTIFS('Match History'!J:J,B5,'Match History'!A:A,">="&(DATE(2022,12,31)-30))+COUNTIFS('Match History'!N:N,B5,'Match History'!A:A,">="&(DATE(2022,12,31)-30))+COUNTIFS('Match History'!R:R,B5,'Match History'!A:A,">="&(DATE(2022,12,31)-30))+COUNTIFS('Match History'!V:V,B5,'Match History'!A:A,">="&(DATE(2022,12,31)-30))+COUNTIFS('Match History'!Z:Z,B5,'Match History'!A:A,">="&(DATE(2022,12,31)-30))+COUNTIFS('Match History'!AD:AD,B5,'Match History'!A:A,">="&(DATE(2022,12,31)-30))+COUNTIFS('Match History'!AH:AH,B5,'Match History'!A:A,">="&(DATE(2022,12,31)-30))+COUNTIFS('Match History'!AL:AL,B5,'Match History'!A:A,">="&(DATE(2022,12,31)-30))+COUNTIFS('Match History'!AV:AV,B5,'Match History'!A:A,">="&(DATE(2022,12,31)-30))+COUNTIFS('Match History'!AZ:AZ,B5,'Match History'!A:A,">="&(DATE(2022,12,31)-30))+COUNTIFS('Match History'!BD:BD,B5,'Match History'!A:A,">="&(DATE(2022,12,31)-30))+COUNTIFS('Match History'!BH:BH,B5,'Match History'!A:A,">="&(DATE(2022,12,31)-30)) -> 25 | S5: =COUNTIFS('Match History'!B:B,B5,'Match History'!A:A,">="&(DATE(2022,12,31)-365))+COUNTIFS('Match History'!F:F,B5,'Match History'!A:A,">="&(DATE(2022,12,31)-365))+COUNTIFS('Match History'!J:J,B5,'Match History'!A:A,">="&(DATE(2022,12,31)-365))+COUNTIFS('Match History'!N:N,B5,'Match History'!A:A,">="&(DATE(2022,12,31)-365))+COUNTIFS('Match History'!R:R,B5,'Match History'!A:A,">="&(DATE(2022,12,31)-365))+COUNTIFS('Match History'!V:V,B5,'Match History'!A:A,">="&(DATE(2022,12,31)-365))+COUNTIFS('Match History'!Z:Z,B5,'Match History'!A:A,">="&(DATE(2022,12,31)-365))+COUNTIFS('Match History'!AD:AD,B5,'Match History'!A:A,">="&(DATE(2022,12,31)-365))+COUNTIFS('Match History'!AH:AH,B5,'Match History'!A:A,">="&(DATE(2022,12,31)-365))+COUNTIFS('Match History'!AL:AL,B5,'Match History'!A:A,">="&(DATE(2022,12,31)-365))+COUNTIFS('Match History'!AV:AV,B5,'Match History'!A:A,">="&(DATE(2022,12,31)-365))+COUNTIFS('Match History'!AZ:AZ,B5,'Match History'!A:A,">="&(DATE(2022,12,31)-365))+COUNTIFS('Match History'!BD:BD,B5,'Match History'!A:A,">="&(DATE(2022,12,31)-365))+COUNTIFS('Match History'!BH:BH,B5,'Match History'!A:A,">="&(DATE(2022,12,31)-365)) -> 228 | T5: {=IF(F5=0,0,INDEX('Match History'!B:BK,MATCH(N5,'Match History'!A:A,0),MATCH(B5,INDEX('Match History'!B:BK,MATCH(N5,'Match History'!A:A,0),0),0)+3)-INDEX('Match History'!B:BK,MATCH(N5,'Match History'!A:A,0),MATCH(B5,INDEX('Match History'!B:BK,MATCH(N5,'Match History'!A:A,0),0),0)+1))} -> 2.8892584 | U5: =COUNTIFS('Match History'!B:B,B5,'Match History'!A:A,">="&(DATE(2022,12,31)-92)) +COUNTIFS('Match History'!F:F,B5,'Match History'!A:A,">="&(DATE(2022,12,31)-92)) +COUNTIFS('Match History'!J:J,B5,'Match History'!A:A,">="&(DATE(2022,12,31)-92)) +COUNTIFS('Match History'!N:N,B5,'Match History'!A:A,">="&(DATE(2022,12,31)-92)) +COUNTIFS('Match History'!R:R,B5,'Match History'!A:A,">="&(DATE(2022,12,31)-92)) +COUNTIFS('Match History'!V:V,B5,'Match History'!A:A,">="&(DATE(2022,12,31)-92)) +COUNTIFS('Match History'!Z:Z,B5,'Match History'!A:A,">="&(DATE(2022,12,31)-92)) +COUNTIFS('Match History'!AD:AD,B5,'Match History'!A:A,">="&(DATE(2022,12,31)-92)) +COUNTIFS('Match History'!AH:AH,B5,'Match History'!A:A,">="&(DATE(2022,12,31)-92)) +COUNTIFS('Match History'!AL:AL,B5,'Match History'!A:A,">="&(DATE(2022,12,31)-92)) +COUNTIFS('Match History'!AV:AV,B5,'Match History'!A:A,">="&(DATE(2022,12,31)-92)) +COUNTIFS('Match History'!AZ:AZ,B5,'Match History'!A:A,">="&(DATE(2022,12,31)-92)) +COUNTIFS('Match History'!BD:BD,B5,'Match History'!A:A,">="&(DATE(2022,12,31)-92)) +COUNTIFS('Match History'!BH:BH,B5,'Match History'!A:A,">="&(DATE(2022,12,31)-92)) -> 71 | V5: =IF(U5=0,0,(SUMIFS('Match History'!D:D,'Match History'!A:A,">=10/01/2022 00:00",'Match History'!A:A,"<=12/31/2022 23:59",'Match History'!B:B,B5) +SUMIFS('Match History'!H:H,'Match History'!A:A,">=10/01/2022 00:00",'Match History'!A:A,"<=12/31/2022 23:59",'Match History'!F:F,B5) +SUMIFS('Match History'!L:L,'Match History'!A:A,">=10/01/2022 00:00",'Match History'!A:A,"<=12/31/2022 23:59",'Match History'!J:J,B5) +SUMIFS('Match History'!P:P,'Match History'!A:A,">=10/01/2022 00:00",'Match History'!A:A,"<=12/31/2022 23:59",'Match History'!N:N,B5) +SUMIFS('Match History'!T:T,'Match History'!A:A,">=10/01/2022 00:00",'Match History'!A:A,"<=12/31/2022 23:59",'Match History'!R:R,B5) +SUMIFS('Match History'!X:X,'Match History'!A:A,">=10/01/2022 00:00",'Match History'!A:A,"<=12/31/2022 23:59",'Match History'!V:V,B5) +SUMIFS('Match History'!AB:AB,'Match History'!A:A,">=10/01/2022 00:00",'Match History'!A:A,"<=12/31/2022 23:59",'Match History'!Z:Z,B5) +SUMIFS('Match History'!AF:AF,'Match History'!A:A,">=10/01/2022 00:00",'Match History'!A:A,"<=12/31/2022 23:59",'Match History'!AD:AD,B5) +SUMIFS('Match History'!AJ:AJ,'Match History'!A:A,">=10/01/2022 00:00",'Match History'!A:A,"<=12/31/2022 23:59",'Match History'!AH:AH,B5) +SUMIFS('Match History'!AN:AN,'Match History'!A:A,">=10/01/2022 00:00",'Match History'!A:A,"<=12/31/2022 23:59",'Match History'!AL:AL,B5) +SUMIFS('Match History'!AX:AX,'Match History'!A:A,">=10/01/2022 00:00",'Match History'!A:A,"<=12/31/2022 23:59",'Match History'!AV:AV,B5)+SUMIFS('Match History'!BB:BB,'Match History'!A:A,">=10/01/2022 00:00",'Match History'!A:A,"<=12/31/2022 23:59",'Match History'!AZ:AZ,B5) +SUMIFS('Match History'!BF:BF,'Match History'!A:A,">=10/01/2022 00:00",'Match History'!A:A,"<=12/31/2022 23:59",'Match History'!BD:BD,B5) +SUMIFS('Match History'!BJ:BJ,'Match History'!A:A,">=10/01/2022 00:00",'Match History'!A:A,"<=12/31/2022 23:59",'Match History'!BH:BH,B5))/U5) -> 22.309859
A6: evoltnz | B6: evoltnz | C6: 1058.2003 | D6: =NORMDIST(C6,1000,STDEV(Players!$C$2:$C$39)+0.00001,TRUE) -> 0.75950946 | F6: =COUNTIF('Match History'!A:BK,"evoltnz") -> 142 | G6: GR | H6: - | I6: - | L6: =AND($N6<>"no war", $N6>=DATE(2022, 12, 31)-30, $M6<>TRUE) -> TRUE | M6: FALSE | N6: {=IF(F6=0, "no war", INDEX('Match History'!A:A, MAX(MAX(('Match History'!B:B=B6)*(ROW('Match History'!B:B))),MAX(('Match History'!F:F=B6)*(ROW('Match History'!F:F))),MAX(('Match History'!J:J=B6)*(ROW('Match History'!J:J))),MAX(('Match History'!N:N=B6)*(ROW('Match History'!N:N))),MAX(('Match History'!R:R=B6)*(ROW('Match History'!R:R))),MAX(('Match History'!V:V=B6)*(ROW('Match History'!V:V))),MAX(('Match History'!Z:Z=B6)*(ROW('Match History'!Z:Z))),MAX(('Match History'!AD:AD=B6)*(ROW('Match History'!AD:AD))),MAX(('Match History'!AH:AH=B6)*(ROW('Match History'!AH:AH))),MAX(('Match History'!AL:AL=B6)*(ROW('Match History'!AL:AL))),MAX(('Match History'!AV:AV=B6)*(ROW('Match History'!AV:AV))),MAX(('Match History'!AZ:AZ=B6)*(ROW('Match History'!AZ:AZ))),MAX(('Match History'!BD:BD=B6)*(ROW('Match History'!BD:BD))),MAX(('Match History'!BH:BH=B6)*(ROW('Match History'!BH:BH)))), 1))} -> 44924.073 | O6: =(SUMIF('Match History'!B:B,B6,'Match History'!D:D)+SUMIF('Match History'!F:F,B6,'Match History'!H:H)+SUMIF('Match History'!J:J,B6,'Match History'!L:L)+SUMIF('Match History'!N:N,B6,'Match History'!P:P)+SUMIF('Match History'!R:R,B6,'Match History'!T:T)+SUMIF('Match History'!V:V,B6,'Match History'!X:X)+SUMIF('Match History'!Z:Z,B6,'Match History'!AB:AB)+SUMIF('Match History'!AD:AD,B6,'Match History'!AF:AF)+SUMIF('Match History'!AH:AH,B6,'Match History'!AJ:AJ)+SUMIF('Match History'!AL:AL,B6,'Match History'!AN:AN)+SUMIF('Match History'!AV:AV,B6,'Match History'!AX:AX)+SUMIF('Match History'!AZ:AZ,B6,'Match History'!BB:BB)+SUMIF('Match History'!BD:BD,B6,'Match History'!BF:BF)+SUMIF('Match History'!BH:BH,B6,'Match History'!BJ:BJ))/IF(F6=0,1,F6) -> 31.528169 | P6: {=MAX(MAX(IF('Match History'!B:B=B6,'Match History'!D:D,)),MAX(IF('Match History'!F:F=B6,'Match History'!H:H,)),MAX(IF('Match History'!J:J=B6,'Match History'!L:L,)),MAX(IF('Match History'!N:N=B6,'Match History'!P:P,)),MAX(IF('Match History'!R:R=B6,'Match History'!T:T,)),MAX(IF('Match History'!V:V=B6,'Match History'!X:X,)),MAX(IF('Match History'!Z:Z=B6,'Match History'!AB:AB,)),MAX(IF('Match History'!AD:AD=B6,'Match History'!AF:AF,)),MAX(IF('Match History'!AH:AH=B6,'Match History'!AJ:AJ,)),MAX(IF('Match History'!AL:AL=B6,'Match History'!AN:AN,)),MAX(IF('Match History'!AV:AV=B6,'Match History'!AX:AX,)),MAX(IF('Match History'!AZ:AZ=B6,'Match History'!BB:BB,)),MAX(IF('Match History'!BD:BD=B6,'Match History'!BF:BF,)),MAX(IF('Match History'!BH:BH=B6,'Match History'!BJ:BJ,)))} -> 76 | Q6: {=IF(F6=0,0,MIN(MIN(IF('Match History'!B:B=B6,'Match History'!D:D,999)),MIN(IF('Match History'!F:F=B6,'Match History'!H:H,999)),MIN(IF('Match History'!J:J=B6,'Match History'!L:L,999)),MIN(IF('Match History'!N:N=B6,'Match History'!P:P,999)),MIN(IF('Match History'!R:R=B6,'Match History'!T:T,999)),MIN(IF('Match History'!V:V=B6,'Match History'!X:X,999)),MIN(IF('Match History'!Z:Z=B6,'Match History'!AB:AB,999)),MIN(IF('Match History'!AD:AD=B6,'Match History'!AF:AF,999)),MIN(IF('Match History'!AH:AH=B6,'Match History'!AJ:AJ,999)),MIN(IF('Match History'!AL:AL=B6,'Match History'!AN:AN,999)),MIN(IF('Match History'!AV:AV=B6,'Match History'!AX:AX,999)),MIN(IF('Match History'!AZ:AZ=B6,'Match History'!BB:BB,999)),MIN(IF('Match History'!BD:BD=B6,'Match History'!BF:BF,999)),MIN(IF('Match History'!BH:BH=B6,'Match History'!BJ:BJ,999))))} -> 12 | R6: =COUNTIFS('Match History'!B:B,B6,'Match History'!A:A,">="&(DATE(2022,12,31)-30))+COUNTIFS('Match History'!F:F,B6,'Match History'!A:A,">="&(DATE(2022,12,31)-30))+COUNTIFS('Match History'!J:J,B6,'Match History'!A:A,">="&(DATE(2022,12,31)-30))+COUNTIFS('Match History'!N:N,B6,'Match History'!A:A,">="&(DATE(2022,12,31)-30))+COUNTIFS('Match History'!R:R,B6,'Match History'!A:A,">="&(DATE(2022,12,31)-30))+COUNTIFS('Match History'!V:V,B6,'Match History'!A:A,">="&(DATE(2022,12,31)-30))+COUNTIFS('Match History'!Z:Z,B6,'Match History'!A:A,">="&(DATE(2022,12,31)-30))+COUNTIFS('Match History'!AD:AD,B6,'Match History'!A:A,">="&(DATE(2022,12,31)-30))+COUNTIFS('Match History'!AH:AH,B6,'Match History'!A:A,">="&(DATE(2022,12,31)-30))+COUNTIFS('Match History'!AL:AL,B6,'Match History'!A:A,">="&(DATE(2022,12,31)-30))+COUNTIFS('Match History'!AV:AV,B6,'Match History'!A:A,">="&(DATE(2022,12,31)-30))+COUNTIFS('Match History'!AZ:AZ,B6,'Match History'!A:A,">="&(DATE(2022,12,31)-30))+COUNTIFS('Match History'!BD:BD,B6,'Match History'!A:A,">="&(DATE(2022,12,31)-30))+COUNTIFS('Match History'!BH:BH,B6,'Match History'!A:A,">="&(DATE(2022,12,31)-30)) -> 7 | S6: =COUNTIFS('Match History'!B:B,B6,'Match History'!A:A,">="&(DATE(2022,12,31)-365))+COUNTIFS('Match History'!F:F,B6,'Match History'!A:A,">="&(DATE(2022,12,31)-365))+COUNTIFS('Match History'!J:J,B6,'Match History'!A:A,">="&(DATE(2022,12,31)-365))+COUNTIFS('Match History'!N:N,B6,'Match History'!A:A,">="&(DATE(2022,12,31)-365))+COUNTIFS('Match History'!R:R,B6,'Match History'!A:A,">="&(DATE(2022,12,31)-365))+COUNTIFS('Match History'!V:V,B6,'Match History'!A:A,">="&(DATE(2022,12,31)-365))+COUNTIFS('Match History'!Z:Z,B6,'Match History'!A:A,">="&(DATE(2022,12,31)-365))+COUNTIFS('Match History'!AD:AD,B6,'Match History'!A:A,">="&(DATE(2022,12,31)-365))+COUNTIFS('Match History'!AH:AH,B6,'Match History'!A:A,">="&(DATE(2022,12,31)-365))+COUNTIFS('Match History'!AL:AL,B6,'Match History'!A:A,">="&(DATE(2022,12,31)-365))+COUNTIFS('Match History'!AV:AV,B6,'Match History'!A:A,">="&(DATE(2022,12,31)-365))+COUNTIFS('Match History'!AZ:AZ,B6,'Match History'!A:A,">="&(DATE(2022,12,31)-365))+COUNTIFS('Match History'!BD:BD,B6,'Match History'!A:A,">="&(DATE(2022,12,31)-365))+COUNTIFS('Match History'!BH:BH,B6,'Match History'!A:A,">="&(DATE(2022,12,31)-365)) -> 12 | T6: {=IF(F6=0,0,INDEX('Match History'!B:BK,MATCH(N6,'Match History'!A:A,0),MATCH(B6,INDEX('Match History'!B:BK,MATCH(N6,'Match History'!A:A,0),0),0)+3)-INDEX('Match History'!B:BK,MATCH(N6,'Match History'!A:A,0),MATCH(B6,INDEX('Match History'!B:BK,MATCH(N6,'Match History'!A:A,0),0),0)+1))} -> 11.324994 | U6: =COUNTIFS('Match History'!B:B,B6,'Match History'!A:A,">="&(DATE(2022,12,31)-92)) +COUNTIFS('Match History'!F:F,B6,'Match History'!A:A,">="&(DATE(2022,12,31)-92)) +COUNTIFS('Match History'!J:J,B6,'Match History'!A:A,">="&(DATE(2022,12,31)-92)) +COUNTIFS('Match History'!N:N,B6,'Match History'!A:A,">="&(DATE(2022,12,31)-92)) +COUNTIFS('Match History'!R:R,B6,'Match History'!A:A,">="&(DATE(2022,12,31)-92)) +COUNTIFS('Match History'!V:V,B6,'Match History'!A:A,">="&(DATE(2022,12,31)-92)) +COUNTIFS('Match History'!Z:Z,B6,'Match History'!A:A,">="&(DATE(2022,12,31)-92)) +COUNTIFS('Match History'!AD:AD,B6,'Match History'!A:A,">="&(DATE(2022,12,31)-92)) +COUNTIFS('Match History'!AH:AH,B6,'Match History'!A:A,">="&(DATE(2022,12,31)-92)) +COUNTIFS('Match History'!AL:AL,B6,'Match History'!A:A,">="&(DATE(2022,12,31)-92)) +COUNTIFS('Match History'!AV:AV,B6,'Match History'!A:A,">="&(DATE(2022,12,31)-92)) +COUNTIFS('Match History'!AZ:AZ,B6,'Match History'!A:A,">="&(DATE(2022,12,31)-92)) +COUNTIFS('Match History'!BD:BD,B6,'Match History'!A:A,">="&(DATE(2022,12,31)-92)) +COUNTIFS('Match History'!BH:BH,B6,'Match History'!A:A,">="&(DATE(2022,12,31)-92)) -> 7 | V6: =IF(U6=0,0,(SUMIFS('Match History'!D:D,'Match History'!A:A,">=10/01/2022 00:00",'Match History'!A:A,"<=12/31/2022 23:59",'Match History'!B:B,B6) +SUMIFS('Match History'!H:H,'Match History'!A:A,">=10/01/2022 00:00",'Match History'!A:A,"<=12/31/2022 23:59",'Match History'!F:F,B6) +SUMIFS('Match History'!L:L,'Match History'!A:A,">=10/01/2022 00:00",'Match History'!A:A,"<=12/31/2022 23:59",'Match History'!J:J,B6) +SUMIFS('Match History'!P:P,'Match History'!A:A,">=10/01/2022 00:00",'Match History'!A:A,"<=12/31/2022 23:59",'Match History'!N:N,B6) +SUMIFS('Match History'!T:T,'Match History'!A:A,">=10/01/2022 00:00",'Match History'!A:A,"<=12/31/2022 23:59",'Match History'!R:R,B6) +SUMIFS('Match History'!X:X,'Match History'!A:A,">=10/01/2022 00:00",'Match History'!A:A,"<=12/31/2022 23:59",'Match History'!V:V,B6) +SUMIFS('Match History'!AB:AB,'Match History'!A:A,">=10/01/2022 00:00",'Match History'!A:A,"<=12/31/2022 23:59",'Match History'!Z:Z,B6) +SUMIFS('Match History'!AF:AF,'Match History'!A:A,">=10/01/2022 00:00",'Match History'!A:A,"<=12/31/2022 23:59",'Match History'!AD:AD,B6) +SUMIFS('Match History'!AJ:AJ,'Match History'!A:A,">=10/01/2022 00:00",'Match History'!A:A,"<=12/31/2022 23:59",'Match History'!AH:AH,B6) +SUMIFS('Match History'!AN:AN,'Match History'!A:A,">=10/01/2022 00:00",'Match History'!A:A,"<=12/31/2022 23:59",'Match History'!AL:AL,B6) +SUMIFS('Match History'!AX:AX,'Match History'!A:A,">=10/01/2022 00:00",'Match History'!A:A,"<=12/31/2022 23:59",'Match History'!AV:AV,B6)+SUMIFS('Match History'!BB:BB,'Match History'!A:A,">=10/01/2022 00:00",'Match History'!A:A,"<=12/31/2022 23:59",'Match History'!AZ:AZ,B6) +SUMIFS('Match History'!BF:BF,'Match History'!A:A,">=10/01/2022 00:00",'Match History'!A:A,"<=12/31/2022 23:59",'Match History'!BD:BD,B6) +SUMIFS('Match History'!BJ:BJ,'Match History'!A:A,">=10/01/2022 00:00",'Match History'!A:A,"<=12/31/2022 23:59",'Match History'!BH:BH,B6))/U6) -> 34.285714
A7: Neo | B7: neo | C7: 1055.0569 | D7: =NORMDIST(C7,1000,STDEV($C$2:$C$39)+0.00001,TRUE) -> 0.74750626 | F7: =COUNTIF('Match History'!A:BK,"neo") -> 320 | G7: PL | H7: 2fast4u | I7: - | J7: 1 | K7: 1 | L7: =AND($N7<>"no war", $N7>=DATE(2022, 12, 31)-30, $M7<>TRUE) -> TRUE | M7: FALSE | N7: {=IF(F7=0, "no war", INDEX('Match History'!A:A, MAX(MAX(('Match History'!B:B=B7)*(ROW('Match History'!B:B))),MAX(('Match History'!F:F=B7)*(ROW('Match History'!F:F))),MAX(('Match History'!J:J=B7)*(ROW('Match History'!J:J))),MAX(('Match History'!N:N=B7)*(ROW('Match History'!N:N))),MAX(('Match History'!R:R=B7)*(ROW('Match History'!R:R))),MAX(('Match History'!V:V=B7)*(ROW('Match History'!V:V))),MAX(('Match History'!Z:Z=B7)*(ROW('Match History'!Z:Z))),MAX(('Match History'!AD:AD=B7)*(ROW('Match History'!AD:AD))),MAX(('Match History'!AH:AH=B7)*(ROW('Match History'!AH:AH))),MAX(('Match History'!AL:AL=B7)*(ROW('Match History'!AL:AL))),MAX(('Match History'!AV:AV=B7)*(ROW('Match History'!AV:AV))),MAX(('Match History'!AZ:AZ=B7)*(ROW('Match History'!AZ:AZ))),MAX(('Match History'!BD:BD=B7)*(ROW('Match History'!BD:BD))),MAX(('Match History'!BH:BH=B7)*(ROW('Match History'!BH:BH)))), 1))} -> 44925.089 | O7: =(SUMIF('Match History'!B:B,B7,'Match History'!D:D)+SUMIF('Match History'!F:F,B7,'Match History'!H:H)+SUMIF('Match History'!J:J,B7,'Match History'!L:L)+SUMIF('Match History'!N:N,B7,'Match History'!P:P)+SUMIF('Match History'!R:R,B7,'Match History'!T:T)+SUMIF('Match History'!V:V,B7,'Match History'!X:X)+SUMIF('Match History'!Z:Z,B7,'Match History'!AB:AB)+SUMIF('Match History'!AD:AD,B7,'Match History'!AF:AF)+SUMIF('Match History'!AH:AH,B7,'Match History'!AJ:AJ)+SUMIF('Match History'!AL:AL,B7,'Match History'!AN:AN)+SUMIF('Match History'!AV:AV,B7,'Match History'!AX:AX)+SUMIF('Match History'!AZ:AZ,B7,'Match History'!BB:BB)+SUMIF('Match History'!BD:BD,B7,'Match History'!BF:BF)+SUMIF('Match History'!BH:BH,B7,'Match History'!BJ:BJ))/IF(F7=0,1,F7) -> 21.140625 | P7: {=MAX(MAX(IF('Match History'!B:B=B7,'Match History'!D:D,)),MAX(IF('Match History'!F:F=B7,'Match History'!H:H,)),MAX(IF('Match History'!J:J=B7,'Match History'!L:L,)),MAX(IF('Match History'!N:N=B7,'Match History'!P:P,)),MAX(IF('Match History'!R:R=B7,'Match History'!T:T,)),MAX(IF('Match History'!V:V=B7,'Match History'!X:X,)),MAX(IF('Match History'!Z:Z=B7,'Match History'!AB:AB,)),MAX(IF('Match History'!AD:AD=B7,'Match History'!AF:AF,)),MAX(IF('Match History'!AH:AH=B7,'Match History'!AJ:AJ,)),MAX(IF('Match History'!AL:AL=B7,'Match History'!AN:AN,)),MAX(IF('Match History'!AV:AV=B7,'Match History'!AX:AX,)),MAX(IF('Match History'!AZ:AZ=B7,'Match History'!BB:BB,)),MAX(IF('Match History'!BD:BD=B7,'Match History'!BF:BF,)),MAX(IF('Match History'!BH:BH=B7,'Match History'!BJ:BJ,)))} -> 48 | Q7: {=IF(F7=0,0,MIN(MIN(IF('Match History'!B:B=B7,'Match History'!D:D,999)),MIN(IF('Match History'!F:F=B7,'Match History'!H:H,999)),MIN(IF('Match History'!J:J=B7,'Match History'!L:L,999)),MIN(IF('Match History'!N:N=B7,'Match History'!P:P,999)),MIN(IF('Match History'!R:R=B7,'Match History'!T:T,999)),MIN(IF('Match History'!V:V=B7,'Match History'!X:X,999)),MIN(IF('Match History'!Z:Z=B7,'Match History'!AB:AB,999)),MIN(IF('Match History'!AD:AD=B7,'Match History'!AF:AF,999)),MIN(IF('Match History'!AH:AH=B7,'Match History'!AJ:AJ,999)),MIN(IF('Match History'!AL:AL=B7,'Match History'!AN:AN,999)),MIN(IF('Match History'!AV:AV=B7,'Match History'!AX:AX,999)),MIN(IF('Match History'!AZ:AZ=B7,'Match History'!BB:BB,999)),MIN(IF('Match History'!BD:BD=B7,'Match History'!BF:BF,999)),MIN(IF('Match History'!BH:BH=B7,'Match History'!BJ:BJ,999))))} -> 6 | R7: =COUNTIFS('Match History'!B:B,B7,'Match History'!A:A,">="&(DATE(2022,12,31)-30))+COUNTIFS('Match History'!F:F,B7,'Match History'!A:A,">="&(DATE(2022,12,31)-30))+COUNTIFS('Match History'!J:J,B7,'Match History'!A:A,">="&(DATE(2022,12,31)-30))+COUNTIFS('Match History'!N:N,B7,'Match History'!A:A,">="&(DATE(2022,12,31)-30))+COUNTIFS('Match History'!R:R,B7,'Match History'!A:A,">="&(DATE(2022,12,31)-30))+COUNTIFS('Match History'!V:V,B7,'Match History'!A:A,">="&(DATE(2022,12,31)-30))+COUNTIFS('Match History'!Z:Z,B7,'Match History'!A:A,">="&(DATE(2022,12,31)-30))+COUNTIFS('Match History'!AD:AD,B7,'Match History'!A:A,">="&(DATE(2022,12,31)-30))+COUNTIFS('Match History'!AH:AH,B7,'Match History'!A:A,">="&(DATE(2022,12,31)-30))+COUNTIFS('Match History'!AL:AL,B7,'Match History'!A:A,">="&(DATE(2022,12,31)-30))+COUNTIFS('Match History'!AV:AV,B7,'Match History'!A:A,">="&(DATE(2022,12,31)-30))+COUNTIFS('Match History'!AZ:AZ,B7,'Match History'!A:A,">="&(DATE(2022,12,31)-30))+COUNTIFS('Match History'!BD:BD,B7,'Match History'!A:A,">="&(DATE(2022,12,31)-30))+COUNTIFS('Match History'!BH:BH,B7,'Match History'!A:A,">="&(DATE(2022,12,31)-30)) -> 37 | S7: =COUNTIFS('Match History'!B:B,B7,'Match History'!A:A,">="&(DATE(2022,12,31)-365))+COUNTIFS('Match History'!F:F,B7,'Match History'!A:A,">="&(DATE(2022,12,31)-365))+COUNTIFS('Match History'!J:J,B7,'Match History'!A:A,">="&(DATE(2022,12,31)-365))+COUNTIFS('Match History'!N:N,B7,'Match History'!A:A,">="&(DATE(2022,12,31)-365))+COUNTIFS('Match History'!R:R,B7,'Match History'!A:A,">="&(DATE(2022,12,31)-365))+COUNTIFS('Match History'!V:V,B7,'Match History'!A:A,">="&(DATE(2022,12,31)-365))+COUNTIFS('Match History'!Z:Z,B7,'Match History'!A:A,">="&(DATE(2022,12,31)-365))+COUNTIFS('Match History'!AD:AD,B7,'Match History'!A:A,">="&(DATE(2022,12,31)-365))+COUNTIFS('Match History'!AH:AH,B7,'Match History'!A:A,">="&(DATE(2022,12,31)-365))+COUNTIFS('Match History'!AL:AL,B7,'Match History'!A:A,">="&(DATE(2022,12,31)-365))+COUNTIFS('Match History'!AV:AV,B7,'Match History'!A:A,">="&(DATE(2022,12,31)-365))+COUNTIFS('Match History'!AZ:AZ,B7,'Match History'!A:A,">="&(DATE(2022,12,31)-365))+COUNTIFS('Match History'!BD:BD,B7,'Match History'!A:A,">="&(DATE(2022,12,31)-365))+COUNTIFS('Match History'!BH:BH,B7,'Match History'!A:A,">="&(DATE(2022,12,31)-365)) -> 291 | T7: {=IF(F7=0,0,INDEX('Match History'!B:BK,MATCH(N7,'Match History'!A:A,0),MATCH(B7,INDEX('Match History'!B:BK,MATCH(N7,'Match History'!A:A,0),0),0)+3)-INDEX('Match History'!B:BK,MATCH(N7,'Match History'!A:A,0),MATCH(B7,INDEX('Match History'!B:BK,MATCH(N7,'Match History'!A:A,0),0),0)+1))} -> 5.2198133 | U7: =COUNTIFS('Match History'!B:B,B7,'Match History'!A:A,">="&(DATE(2022,12,31)-92)) +COUNTIFS('Match History'!F:F,B7,'Match History'!A:A,">="&(DATE(2022,12,31)-92)) +COUNTIFS('Match History'!J:J,B7,'Match History'!A:A,">="&(DATE(2022,12,31)-92)) +COUNTIFS('Match History'!N:N,B7,'Match History'!A:A,">="&(DATE(2022,12,31)-92)) +COUNTIFS('Match History'!R:R,B7,'Match History'!A:A,">="&(DATE(2022,12,31)-92)) +COUNTIFS('Match History'!V:V,B7,'Match History'!A:A,">="&(DATE(2022,12,31)-92)) +COUNTIFS('Match History'!Z:Z,B7,'Match History'!A:A,">="&(DATE(2022,12,31)-92)) +COUNTIFS('Match History'!AD:AD,B7,'Match History'!A:A,">="&(DATE(2022,12,31)-92)) +COUNTIFS('Match History'!AH:AH,B7,'Match History'!A:A,">="&(DATE(2022,12,31)-92)) +COUNTIFS('Match History'!AL:AL,B7,'Match History'!A:A,">="&(DATE(2022,12,31)-92)) +COUNTIFS('Match History'!AV:AV,B7,'Match History'!A:A,">="&(DATE(2022,12,31)-92)) +COUNTIFS('Match History'!AZ:AZ,B7,'Match History'!A:A,">="&(DATE(2022,12,31)-92)) +COUNTIFS('Match History'!BD:BD,B7,'Match History'!A:A,">="&(DATE(2022,12,31)-92)) +COUNTIFS('Match History'!BH:BH,B7,'Match History'!A:A,">="&(DATE(2022,12,31)-92)) -> 88 | V7: =IF(U7=0,0,(SUMIFS('Match History'!D:D,'Match History'!A:A,">=10/01/2022 00:00",'Match History'!A:A,"<=12/31/2022 23:59",'Match History'!B:B,B7) +SUMIFS('Match History'!H:H,'Match History'!A:A,">=10/01/2022 00:00",'Match History'!A:A,"<=12/31/2022 23:59",'Match History'!F:F,B7) +SUMIFS('Match History'!L:L,'Match History'!A:A,">=10/01/2022 00:00",'Match History'!A:A,"<=12/31/2022 23:59",'Match History'!J:J,B7) +SUMIFS('Match History'!P:P,'Match History'!A:A,">=10/01/2022 00:00",'Match History'!A:A,"<=12/31/2022 23:59",'Match History'!N:N,B7) +SUMIFS('Match History'!T:T,'Match History'!A:A,">=10/01/2022 00:00",'Match History'!A:A,"<=12/31/2022 23:59",'Match History'!R:R,B7) +SUMIFS('Match History'!X:X,'Match History'!A:A,">=10/01/2022 00:00",'Match History'!A:A,"<=12/31/2022 23:59",'Match History'!V:V,B7) +SUMIFS('Match History'!AB:AB,'Match History'!A:A,">=10/01/2022 00:00",'Match History'!A:A,"<=12/31/2022 23:59",'Match History'!Z:Z,B7) +SUMIFS('Match History'!AF:AF,'Match History'!A:A,">=10/01/2022 00:00",'Match History'!A:A,"<=12/31/2022 23:59",'Match History'!AD:AD,B7) +SUMIFS('Match History'!AJ:AJ,'Match History'!A:A,">=10/01/2022 00:00",'Match History'!A:A,"<=12/31/2022 23:59",'Match History'!AH:AH,B7) +SUMIFS('Match History'!AN:AN,'Match History'!A:A,">=10/01/2022 00:00",'Match History'!A:A,"<=12/31/2022 23:59",'Match History'!AL:AL,B7) +SUMIFS('Match History'!AX:AX,'Match History'!A:A,">=10/01/2022 00:00",'Match History'!A:A,"<=12/31/2022 23:59",'Match History'!AV:AV,B7)+SUMIFS('Match History'!BB:BB,'Match History'!A:A,">=10/01/2022 00:00",'Match History'!A:A,"<=12/31/2022 23:59",'Match History'!AZ:AZ,B7) +SUMIFS('Match History'!BF:BF,'Match History'!A:A,">=10/01/2022 00:00",'Match History'!A:A,"<=12/31/2022 23:59",'Match History'!BD:BD,B7) +SUMIFS('Match History'!BJ:BJ,'Match History'!A:A,">=10/01/2022 00:00",'Match History'!A:A,"<=12/31/2022 23:59",'Match History'!BH:BH,B7))/U7) -> 20.784091
A8: tricky | B8: tricky | C8: 1052.2186 | D8: =NORMDIST(C8,1000,STDEV(Players!$C$2:$C$39)+0.00001,TRUE) -> 0.73640285 | F8: =COUNTIF('Match History'!A:BK,"tricky") -> 11 | G8: UK | H8: - | L8: =AND($N8<>"no war", $N8>=DATE(2022, 12, 31)-30, $M8<>TRUE) -> TRUE | M8: FALSE | N8: {=IF(F8=0, "no war", INDEX('Match History'!A:A, MAX(MAX(('Match History'!B:B=B8)*(ROW('Match History'!B:B))),MAX(('Match History'!F:F=B8)*(ROW('Match History'!F:F))),MAX(('Match History'!J:J=B8)*(ROW('Match History'!J:J))),MAX(('Match History'!N:N=B8)*(ROW('Match History'!N:N))),MAX(('Match History'!R:R=B8)*(ROW('Match History'!R:R))),MAX(('Match History'!V:V=B8)*(ROW('Match History'!V:V))),MAX(('Match History'!Z:Z=B8)*(ROW('Match History'!Z:Z))),MAX(('Match History'!AD:AD=B8)*(ROW('Match History'!AD:AD))),MAX(('Match History'!AH:AH=B8)*(ROW('Match History'!AH:AH))),MAX(('Match History'!AL:AL=B8)*(ROW('Match History'!AL:AL))),MAX(('Match History'!AV:AV=B8)*(ROW('Match History'!AV:AV))),MAX(('Match History'!AZ:AZ=B8)*(ROW('Match History'!AZ:AZ))),MAX(('Match History'!BD:BD=B8)*(ROW('Match History'!BD:BD))),MAX(('Match History'!BH:BH=B8)*(ROW('Match History'!BH:BH)))), 1))} -> 44925.719 | O8: =(SUMIF('Match History'!B:B,B8,'Match History'!D:D)+SUMIF('Match History'!F:F,B8,'Match History'!H:H)+SUMIF('Match History'!J:J,B8,'Match History'!L:L)+SUMIF('Match History'!N:N,B8,'Match History'!P:P)+SUMIF('Match History'!R:R,B8,'Match History'!T:T)+SUMIF('Match History'!V:V,B8,'Match History'!X:X)+SUMIF('Match History'!Z:Z,B8,'Match History'!AB:AB)+SUMIF('Match History'!AD:AD,B8,'Match History'!AF:AF)+SUMIF('Match History'!AH:AH,B8,'Match History'!AJ:AJ)+SUMIF('Match History'!AL:AL,B8,'Match History'!AN:AN)+SUMIF('Match History'!AV:AV,B8,'Match History'!AX:AX)+SUMIF('Match History'!AZ:AZ,B8,'Match History'!BB:BB)+SUMIF('Match History'!BD:BD,B8,'Match History'!BF:BF)+SUMIF('Match History'!BH:BH,B8,'Match History'!BJ:BJ))/IF(F8=0,1,F8) -> 28 | P8: {=MAX(MAX(IF('Match History'!B:B=B8,'Match History'!D:D,)),MAX(IF('Match History'!F:F=B8,'Match History'!H:H,)),MAX(IF('Match History'!J:J=B8,'Match History'!L:L,)),MAX(IF('Match History'!N:N=B8,'Match History'!P:P,)),MAX(IF('Match History'!R:R=B8,'Match History'!T:T,)),MAX(IF('Match History'!V:V=B8,'Match History'!X:X,)),MAX(IF('Match History'!Z:Z=B8,'Match History'!AB:AB,)),MAX(IF('Match History'!AD:AD=B8,'Match History'!AF:AF,)),MAX(IF('Match History'!AH:AH=B8,'Match History'!AJ:AJ,)),MAX(IF('Match History'!AL:AL=B8,'Match History'!AN:AN,)),MAX(IF('Match History'!AV:AV=B8,'Match History'!AX:AX,)),MAX(IF('Match History'!AZ:AZ=B8,'Match History'!BB:BB,)),MAX(IF('Match History'!BD:BD=B8,'Match History'!BF:BF,)),MAX(IF('Match History'!BH:BH=B8,'Match History'!BJ:BJ,)))} -> 46 | Q8: {=IF(F8=0,0,MIN(MIN(IF('Match History'!B:B=B8,'Match History'!D:D,999)),MIN(IF('Match History'!F:F=B8,'Match History'!H:H,999)),MIN(IF('Match History'!J:J=B8,'Match History'!L:L,999)),MIN(IF('Match History'!N:N=B8,'Match History'!P:P,999)),MIN(IF('Match History'!R:R=B8,'Match History'!T:T,999)),MIN(IF('Match History'!V:V=B8,'Match History'!X:X,999)),MIN(IF('Match History'!Z:Z=B8,'Match History'!AB:AB,999)),MIN(IF('Match History'!AD:AD=B8,'Match History'!AF:AF,999)),MIN(IF('Match History'!AH:AH=B8,'Match History'!AJ:AJ,999)),MIN(IF('Match History'!AL:AL=B8,'Match History'!AN:AN,999)),MIN(IF('Match History'!AV:AV=B8,'Match History'!AX:AX,999)),MIN(IF('Match History'!AZ:AZ=B8,'Match History'!BB:BB,999)),MIN(IF('Match History'!BD:BD=B8,'Match History'!BF:BF,999)),MIN(IF('Match History'!BH:BH=B8,'Match History'!BJ:BJ,999))))} -> 16 | R8: =COUNTIFS('Match History'!B:B,B8,'Match History'!A:A,">="&(DATE(2022,12,31)-30))+COUNTIFS('Match History'!F:F,B8,'Match History'!A:A,">="&(DATE(2022,12,31)-30))+COUNTIFS('Match History'!J:J,B8,'Match History'!A:A,">="&(DATE(2022,12,31)-30))+COUNTIFS('Match History'!N:N,B8,'Match History'!A:A,">="&(DATE(2022,12,31)-30))+COUNTIFS('Match History'!R:R,B8,'Match History'!A:A,">="&(DATE(2022,12,31)-30))+COUNTIFS('Match History'!V:V,B8,'Match History'!A:A,">="&(DATE(2022,12,31)-30))+COUNTIFS('Match History'!Z:Z,B8,'Match History'!A:A,">="&(DATE(2022,12,31)-30))+COUNTIFS('Match History'!AD:AD,B8,'Match History'!A:A,">="&(DATE(2022,12,31)-30))+COUNTIFS('Match History'!AH:AH,B8,'Match History'!A:A,">="&(DATE(2022,12,31)-30))+COUNTIFS('Match History'!AL:AL,B8,'Match History'!A:A,">="&(DATE(2022,12,31)-30))+COUNTIFS('Match History'!AV:AV,B8,'Match History'!A:A,">="&(DATE(2022,12,31)-30))+COUNTIFS('Match History'!AZ:AZ,B8,'Match History'!A:A,">="&(DATE(2022,12,31)-30))+COUNTIFS('Match History'!BD:BD,B8,'Match History'!A:A,">="&(DATE(2022,12,31)-30))+COUNTIFS('Match History'!BH:BH,B8,'Match History'!A:A,">="&(DATE(2022,12,31)-30)) -> 11 | S8: =COUNTIFS('Match History'!B:B,B8,'Match History'!A:A,">="&(DATE(2022,12,31)-365))+COUNTIFS('Match History'!F:F,B8,'Match History'!A:A,">="&(DATE(2022,12,31)-365))+COUNTIFS('Match History'!J:J,B8,'Match History'!A:A,">="&(DATE(2022,12,31)-365))+COUNTIFS('Match History'!N:N,B8,'Match History'!A:A,">="&(DATE(2022,12,31)-365))+COUNTIFS('Match History'!R:R,B8,'Match History'!A:A,">="&(DATE(2022,12,31)-365))+COUNTIFS('Match History'!V:V,B8,'Match History'!A:A,">="&(DATE(2022,12,31)-365))+COUNTIFS('Match History'!Z:Z,B8,'Match History'!A:A,">="&(DATE(2022,12,31)-365))+COUNTIFS('Match History'!AD:AD,B8,'Match History'!A:A,">="&(DATE(2022,12,31)-365))+COUNTIFS('Match History'!AH:AH,B8,'Match History'!A:A,">="&(DATE(2022,12,31)-365))+COUNTIFS('Match History'!AL:AL,B8,'Match History'!A:A,">="&(DATE(2022,12,31)-365))+COUNTIFS('Match History'!AV:AV,B8,'Match History'!A:A,">="&(DATE(2022,12,31)-365))+COUNTIFS('Match History'!AZ:AZ,B8,'Match History'!A:A,">="&(DATE(2022,12,31)-365))+COUNTIFS('Match History'!BD:BD,B8,'Match History'!A:A,">="&(DATE(2022,12,31)-365))+COUNTIFS('Match History'!BH:BH,B8,'Match History'!A:A,">="&(DATE(2022,12,31)-365)) -> 11 | T8: {=IF(F8=0,0,INDEX('Match History'!B:BK,MATCH(N8,'Match History'!A:A,0),MATCH(B8,INDEX('Match History'!B:BK,MATCH(N8,'Match History'!A:A,0),0),0)+3)-INDEX('Match History'!B:BK,MATCH(N8,'Match History'!A:A,0),MATCH(B8,INDEX('Match History'!B:BK,MATCH(N8,'Match History'!A:A,0),0),0)+1))} -> 4.1463767 | U8: =COUNTIFS('Match History'!B:B,B8,'Match History'!A:A,">="&(DATE(2022,12,31)-92)) +COUNTIFS('Match History'!F:F,B8,'Match History'!A:A,">="&(DATE(2022,12,31)-92)) +COUNTIFS('Match History'!J:J,B8,'Match History'!A:A,">="&(DATE(2022,12,31)-92)) +COUNTIFS('Match History'!N:N,B8,'Match History'!A:A,">="&(DATE(2022,12,31)-92)) +COUNTIFS('Match History'!R:R,B8,'Match History'!A:A,">="&(DATE(2022,12,31)-92)) +COUNTIFS('Match History'!V:V,B8,'Match History'!A:A,">="&(DATE(2022,12,31)-92)) +COUNTIFS('Match History'!Z:Z,B8,'Match History'!A:A,">="&(DATE(2022,12,31)-92)) +COUNTIFS('Match History'!AD:AD,B8,'Match History'!A:A,">="&(DATE(2022,12,31)-92)) +COUNTIFS('Match History'!AH:AH,B8,'Match History'!A:A,">="&(DATE(2022,12,31)-92)) +COUNTIFS('Match History'!AL:AL,B8,'Match History'!A:A,">="&(DATE(2022,12,31)-92)) +COUNTIFS('Match History'!AV:AV,B8,'Match History'!A:A,">="&(DATE(2022,12,31)-92)) +COUNTIFS('Match History'!AZ:AZ,B8,'Match History'!A:A,">="&(DATE(2022,12,31)-92)) +COUNTIFS('Match History'!BD:BD,B8,'Match History'!A:A,">="&(DATE(2022,12,31)-92)) +COUNTIFS('Match History'!BH:BH,B8,'Match History'!A:A,">="&(DATE(2022,12,31)-92)) -> 11 | V8: =IF(U8=0,0,(SUMIFS('Match History'!D:D,'Match History'!A:A,">=10/01/2022 00:00",'Match History'!A:A,"<=12/31/2022 23:59",'Match History'!B:B,B8) +SUMIFS('Match History'!H:H,'Match History'!A:A,">=10/01/2022 00:00",'Match History'!A:A,"<=12/31/2022 23:59",'Match History'!F:F,B8) +SUMIFS('Match History'!L:L,'Match History'!A:A,">=10/01/2022 00:00",'Match History'!A:A,"<=12/31/2022 23:59",'Match History'!J:J,B8) +SUMIFS('Match History'!P:P,'Match History'!A:A,">=10/01/2022 00:00",'Match History'!A:A,"<=12/31/2022 23:59",'Match History'!N:N,B8) +SUMIFS('Match History'!T:T,'Match History'!A:A,">=10/01/2022 00:00",'Match History'!A:A,"<=12/31/2022 23:59",'Match History'!R:R,B8) +SUMIFS('Match History'!X:X,'Match History'!A:A,">=10/01/2022 00:00",'Match History'!A:A,"<=12/31/2022 23:59",'Match History'!V:V,B8) +SUMIFS('Match History'!AB:AB,'Match History'!A:A,">=10/01/2022 00:00",'Match History'!A:A,"<=12/31/2022 23:59",'Match History'!Z:Z,B8) +SUMIFS('Match History'!AF:AF,'Match History'!A:A,">=10/01/2022 00:00",'Match History'!A:A,"<=12/31/2022 23:59",'Match History'!AD:AD,B8) +SUMIFS('Match History'!AJ:AJ,'Match History'!A:A,">=10/01/2022 00:00",'Match History'!A:A,"<=12/31/2022 23:59",'Match History'!AH:AH,B8) +SUMIFS('Match History'!AN:AN,'Match History'!A:A,">=10/01/2022 00:00",'Match History'!A:A,"<=12/31/2022 23:59",'Match History'!AL:AL,B8) +SUMIFS('Match History'!AX:AX,'Match History'!A:A,">=10/01/2022 00:00",'Match History'!A:A,"<=12/31/2022 23:59",'Match History'!AV:AV,B8)+SUMIFS('Match History'!BB:BB,'Match History'!A:A,">=10/01/2022 00:00",'Match History'!A:A,"<=12/31/2022 23:59",'Match History'!AZ:AZ,B8) +SUMIFS('Match History'!BF:BF,'Match History'!A:A,">=10/01/2022 00:00",'Match History'!A:A,"<=12/31/2022 23:59",'Match History'!BD:BD,B8) +SUMIFS('Match History'!BJ:BJ,'Match History'!A:A,">=10/01/2022 00:00",'Match History'!A:A,"<=12/31/2022 23:59",'Match History'!BH:BH,B8))/U8) -> 28
A9: Helm0r | B9: helm0r | C9: 1052.2114 | D9: =NORMDIST(C9,1000,STDEV(Players!$C$2:$C$39)+0.00001,TRUE) -> 0.73637451 | F9: =COUNTIF('Match History'!A:BK,"helm0r") -> 31 | G9: DE | H9: Allied Assault player | K9: 1 | L9: =AND($N9<>"no war", $N9>=DATE(2022, 12, 31)-30, $M9<>TRUE) -> TRUE | M9: FALSE | N9: {=IF(F9=0, "no war", INDEX('Match History'!A:A, MAX(MAX(('Match History'!B:B=B9)*(ROW('Match History'!B:B))),MAX(('Match History'!F:F=B9)*(ROW('Match History'!F:F))),MAX(('Match History'!J:J=B9)*(ROW('Match History'!J:J))),MAX(('Match History'!N:N=B9)*(ROW('Match History'!N:N))),MAX(('Match History'!R:R=B9)*(ROW('Match History'!R:R))),MAX(('Match History'!V:V=B9)*(ROW('Match History'!V:V))),MAX(('Match History'!Z:Z=B9)*(ROW('Match History'!Z:Z))),MAX(('Match History'!AD:AD=B9)*(ROW('Match History'!AD:AD))),MAX(('Match History'!AH:AH=B9)*(ROW('Match History'!AH:AH))),MAX(('Match History'!AL:AL=B9)*(ROW('Match History'!AL:AL))),MAX(('Match History'!AV:AV=B9)*(ROW('Match History'!AV:AV))),MAX(('Match History'!AZ:AZ=B9)*(ROW('Match History'!AZ:AZ))),MAX(('Match History'!BD:BD=B9)*(ROW('Match History'!BD:BD))),MAX(('Match History'!BH:BH=B9)*(ROW('Match History'!BH:BH)))), 1))} -> 44910.057 | O9: =(SUMIF('Match History'!B:B,B9,'Match History'!D:D)+SUMIF('Match History'!F:F,B9,'Match History'!H:H)+SUMIF('Match History'!J:J,B9,'Match History'!L:L)+SUMIF('Match History'!N:N,B9,'Match History'!P:P)+SUMIF('Match History'!R:R,B9,'Match History'!T:T)+SUMIF('Match History'!V:V,B9,'Match History'!X:X)+SUMIF('Match History'!Z:Z,B9,'Match History'!AB:AB)+SUMIF('Match History'!AD:AD,B9,'Match History'!AF:AF)+SUMIF('Match History'!AH:AH,B9,'Match History'!AJ:AJ)+SUMIF('Match History'!AL:AL,B9,'Match History'!AN:AN)+SUMIF('Match History'!AV:AV,B9,'Match History'!AX:AX)+SUMIF('Match History'!AZ:AZ,B9,'Match History'!BB:BB)+SUMIF('Match History'!BD:BD,B9,'Match History'!BF:BF)+SUMIF('Match History'!BH:BH,B9,'Match History'!BJ:BJ))/IF(F9=0,1,F9) -> 25.096774 | P9: {=MAX(MAX(IF('Match History'!B:B=B9,'Match History'!D:D,)),MAX(IF('Match History'!F:F=B9,'Match History'!H:H,)),MAX(IF('Match History'!J:J=B9,'Match History'!L:L,)),MAX(IF('Match History'!N:N=B9,'Match History'!P:P,)),MAX(IF('Match History'!R:R=B9,'Match History'!T:T,)),MAX(IF('Match History'!V:V=B9,'Match History'!X:X,)),MAX(IF('Match History'!Z:Z=B9,'Match History'!AB:AB,)),MAX(IF('Match History'!AD:AD=B9,'Match History'!AF:AF,)),MAX(IF('Match History'!AH:AH=B9,'Match History'!AJ:AJ,)),MAX(IF('Match History'!AL:AL=B9,'Match History'!AN:AN,)),MAX(IF('Match History'!AV:AV=B9,'Match History'!AX:AX,)),MAX(IF('Match History'!AZ:AZ=B9,'Match History'!BB:BB,)),MAX(IF('Match History'!BD:BD=B9,'Match History'!BF:BF,)),MAX(IF('Match History'!BH:BH=B9,'Match History'!BJ:BJ,)))} -> 39 | Q9: {=IF(F9=0,0,MIN(MIN(IF('Match History'!B:B=B9,'Match History'!D:D,999)),MIN(IF('Match History'!F:F=B9,'Match History'!H:H,999)),MIN(IF('Match History'!J:J=B9,'Match History'!L:L,999)),MIN(IF('Match History'!N:N=B9,'Match History'!P:P,999)),MIN(IF('Match History'!R:R=B9,'Match History'!T:T,999)),MIN(IF('Match History'!V:V=B9,'Match History'!X:X,999)),MIN(IF('Match History'!Z:Z=B9,'Match History'!AB:AB,999)),MIN(IF('Match History'!AD:AD=B9,'Match History'!AF:AF,999)),MIN(IF('Match History'!AH:AH=B9,'Match History'!AJ:AJ,999)),MIN(IF('Match History'!AL:AL=B9,'Match History'!AN:AN,999)),MIN(IF('Match History'!AV:AV=B9,'Match History'!AX:AX,999)),MIN(IF('Match History'!AZ:AZ=B9,'Match History'!BB:BB,999)),MIN(IF('Match History'!BD:BD=B9,'Match History'!BF:BF,999)),MIN(IF('Match History'!BH:BH=B9,'Match History'!BJ:BJ,999))))} -> 14 | R9: =COUNTIFS('Match History'!B:B,B9,'Match History'!A:A,">="&(DATE(2022,12,31)-30))+COUNTIFS('Match History'!F:F,B9,'Match History'!A:A,">="&(DATE(2022,12,31)-30))+COUNTIFS('Match History'!J:J,B9,'Match History'!A:A,">="&(DATE(2022,12,31)-30))+COUNTIFS('Match History'!N:N,B9,'Match History'!A:A,">="&(DATE(2022,12,31)-30))+COUNTIFS('Match History'!R:R,B9,'Match History'!A:A,">="&(DATE(2022,12,31)-30))+COUNTIFS('Match History'!V:V,B9,'Match History'!A:A,">="&(DATE(2022,12,31)-30))+COUNTIFS('Match History'!Z:Z,B9,'Match History'!A:A,">="&(DATE(2022,12,31)-30))+COUNTIFS('Match History'!AD:AD,B9,'Match History'!A:A,">="&(DATE(2022,12,31)-30))+COUNTIFS('Match History'!AH:AH,B9,'Match History'!A:A,">="&(DATE(2022,12,31)-30))+COUNTIFS('Match History'!AL:AL,B9,'Match History'!A:A,">="&(DATE(2022,12,31)-30))+COUNTIFS('Match History'!AV:AV,B9,'Match History'!A:A,">="&(DATE(2022,12,31)-30))+COUNTIFS('Match History'!AZ:AZ,B9,'Match History'!A:A,">="&(DATE(2022,12,31)-30))+COUNTIFS('Match History'!BD:BD,B9,'Match History'!A:A,">="&(DATE(2022,12,31)-30))+COUNTIFS('Match History'!BH:BH,B9,'Match History'!A:A,">="&(DATE(2022,12,31)-30)) -> 16 | S9: =COUNTIFS('Match History'!B:B,B9,'Match History'!A:A,">="&(DATE(2022,12,31)-365))+COUNTIFS('Match History'!F:F,B9,'Match History'!A:A,">="&(DATE(2022,12,31)-365))+COUNTIFS('Match History'!J:J,B9,'Match History'!A:A,">="&(DATE(2022,12,31)-365))+COUNTIFS('Match History'!N:N,B9,'Match History'!A:A,">="&(DATE(2022,12,31)-365))+COUNTIFS('Match History'!R:R,B9,'Match History'!A:A,">="&(DATE(2022,12,31)-365))+COUNTIFS('Match History'!V:V,B9,'Match History'!A:A,">="&(DATE(2022,12,31)-365))+COUNTIFS('Match History'!Z:Z,B9,'Match History'!A:A,">="&(DATE(2022,12,31)-365))+COUNTIFS('Match History'!AD:AD,B9,'Match History'!A:A,">="&(DATE(2022,12,31)-365))+COUNTIFS('Match History'!AH:AH,B9,'Match History'!A:A,">="&(DATE(2022,12,31)-365))+COUNTIFS('Match History'!AL:AL,B9,'Match History'!A:A,">="&(DATE(2022,12,31)-365))+COUNTIFS('Match History'!AV:AV,B9,'Match History'!A:A,">="&(DATE(2022,12,31)-365))+COUNTIFS('Match History'!AZ:AZ,B9,'Match History'!A:A,">="&(DATE(2022,12,31)-365))+COUNTIFS('Match History'!BD:BD,B9,'Match History'!A:A,">="&(DATE(2022,12,31)-365))+COUNTIFS('Match History'!BH:BH,B9,'Match History'!A:A,">="&(DATE(2022,12,31)-365)) -> 31 | T9: {=IF(F9=0,0,INDEX('Match History'!B:BK,MATCH(N9,'Match History'!A:A,0),MATCH(B9,INDEX('Match History'!B:BK,MATCH(N9,'Match History'!A:A,0),0),0)+3)-INDEX('Match History'!B:BK,MATCH(N9,'Match History'!A:A,0),MATCH(B9,INDEX('Match History'!B:BK,MATCH(N9,'Match History'!A:A,0),0),0)+1))} -> 6.0042627 | U9: =COUNTIFS('Match History'!B:B,B9,'Match History'!A:A,">="&(DATE(2022,12,31)-92)) +COUNTIFS('Match History'!F:F,B9,'Match History'!A:A,">="&(DATE(2022,12,31)-92)) +COUNTIFS('Match History'!J:J,B9,'Match History'!A:A,">="&(DATE(2022,12,31)-92)) +COUNTIFS('Match History'!N:N,B9,'Match History'!A:A,">="&(DATE(2022,12,31)-92)) +COUNTIFS('Match History'!R:R,B9,'Match History'!A:A,">="&(DATE(2022,12,31)-92)) +COUNTIFS('Match History'!V:V,B9,'Match History'!A:A,">="&(DATE(2022,12,31)-92)) +COUNTIFS('Match History'!Z:Z,B9,'Match History'!A:A,">="&(DATE(2022,12,31)-92)) +COUNTIFS('Match History'!AD:AD,B9,'Match History'!A:A,">="&(DATE(2022,12,31)-92)) +COUNTIFS('Match History'!AH:AH,B9,'Match History'!A:A,">="&(DATE(2022,12,31)-92)) +COUNTIFS('Match History'!AL:AL,B9,'Match History'!A:A,">="&(DATE(2022,12,31)-92)) +COUNTIFS('Match History'!AV:AV,B9,'Match History'!A:A,">="&(DATE(2022,12,31)-92)) +COUNTIFS('Match History'!AZ:AZ,B9,'Match History'!A:A,">="&(DATE(2022,12,31)-92)) +COUNTIFS('Match History'!BD:BD,B9,'Match History'!A:A,">="&(DATE(2022,12,31)-92)) +COUNTIFS('Match History'!BH:BH,B9,'Match History'!A:A,">="&(DATE(2022,12,31)-92)) -> 31 | V9: =IF(U9=0,0,(SUMIFS('Match History'!D:D,'Match History'!A:A,">=10/01/2022 00:00",'Match History'!A:A,"<=12/31/2022 23:59",'Match History'!B:B,B9) +SUMIFS('Match History'!H:H,'Match History'!A:A,">=10/01/2022 00:00",'Match History'!A:A,"<=12/31/2022 23:59",'Match History'!F:F,B9) +SUMIFS('Match History'!L:L,'Match History'!A:A,">=10/01/2022 00:00",'Match History'!A:A,"<=12/31/2022 23:59",'Match History'!J:J,B9) +SUMIFS('Match History'!P:P,'Match History'!A:A,">=10/01/2022 00:00",'Match History'!A:A,"<=12/31/2022 23:59",'Match History'!N:N,B9) +SUMIFS('Match History'!T:T,'Match History'!A:A,">=10/01/2022 00:00",'Match History'!A:A,"<=12/31/2022 23:59",'Match History'!R:R,B9) +SUMIFS('Match History'!X:X,'Match History'!A:A,">=10/01/2022 00:00",'Match History'!A:A,"<=12/31/2022 23:59",'Match History'!V:V,B9) +SUMIFS('Match History'!AB:AB,'Match History'!A:A,">=10/01/2022 00:00",'Match History'!A:A,"<=12/31/2022 23:59",'Match History'!Z:Z,B9) +SUMIFS('Match History'!AF:AF,'Match History'!A:A,">=10/01/2022 00:00",'Match History'!A:A,"<=12/31/2022 23:59",'Match History'!AD:AD,B9) +SUMIFS('Match History'!AJ:AJ,'Match History'!A:A,">=10/01/2022 00:00",'Match History'!A:A,"<=12/31/2022 23:59",'Match History'!AH:AH,B9) +SUMIFS('Match History'!AN:AN,'Match History'!A:A,">=10/01/2022 00:00",'Match History'!A:A,"<=12/31/2022 23:59",'Match History'!AL:AL,B9) +SUMIFS('Match History'!AX:AX,'Match History'!A:A,">=10/01/2022 00:00",'Match History'!A:A,"<=12/31/2022 23:59",'Match History'!AV:AV,B9)+SUMIFS('Match History'!BB:BB,'Match History'!A:A,">=10/01/2022 00:00",'Match History'!A:A,"<=12/31/2022 23:59",'Match History'!AZ:AZ,B9) +SUMIFS('Match History'!BF:BF,'Match History'!A:A,">=10/01/2022 00:00",'Match History'!A:A,"<=12/31/2022 23:59",'Match History'!BD:BD,B9) +SUMIFS('Match History'!BJ:BJ,'Match History'!A:A,">=10/01/2022 00:00",'Match History'!A:A,"<=12/31/2022 23:59",'Match History'!BH:BH,B9))/U9) -> 25.096774
A10: KaPsEL | B10: kapsel | C10: 1051.7881 | D10: =NORMDIST(C10,1000,STDEV($C$2:$C$39)+0.00001,TRUE) -> 0.73469731 | F10: =COUNTIF('Match History'!A:BK,"kapsel") -> 1059 | G10: PL | H10: <|-HEROES-|>, 2fast4u, . brothers|company > | I10: - | K10: 1 | L10: =AND($N10<>"no war", $N10>=DATE(2022, 12, 31)-30, $M10<>TRUE) -> TRUE | M10: FALSE | N10: {=IF(F10=0, "no war", INDEX('Match History'!A:A, MAX(MAX(('Match History'!B:B=B10)*(ROW('Match History'!B:B))),MAX(('Match History'!F:F=B10)*(ROW('Match History'!F:F))),MAX(('Match History'!J:J=B10)*(ROW('Match History'!J:J))),MAX(('Match History'!N:N=B10)*(ROW('Match History'!N:N))),MAX(('Match History'!R:R=B10)*(ROW('Match History'!R:R))),MAX(('Match History'!V:V=B10)*(ROW('Match History'!V:V))),MAX(('Match History'!Z:Z=B10)*(ROW('Match History'!Z:Z))),MAX(('Match History'!AD:AD=B10)*(ROW('Match History'!AD:AD))),MAX(('Match History'!AH:AH=B10)*(ROW('Match History'!AH:AH))),MAX(('Match History'!AL:AL=B10)*(ROW('Match History'!AL:AL))),MAX(('Match History'!AV:AV=B10)*(ROW('Match History'!AV:AV))),MAX(('Match History'!AZ:AZ=B10)*(ROW('Match History'!AZ:AZ))),MAX(('Match History'!BD:BD=B10)*(ROW('Match History'!BD:BD))),MAX(('Match History'!BH:BH=B10)*(ROW('Match History'!BH:BH)))), 1))} -> 44926.03 | O10: =(SUMIF('Match History'!B:B,B10,'Match History'!D:D)+SUMIF('Match History'!F:F,B10,'Match History'!H:H)+SUMIF('Match History'!J:J,B10,'Match History'!L:L)+SUMIF('Match History'!N:N,B10,'Match History'!P:P)+SUMIF('Match History'!R:R,B10,'Match History'!T:T)+SUMIF('Match History'!V:V,B10,'Match History'!X:X)+SUMIF('Match History'!Z:Z,B10,'Match History'!AB:AB)+SUMIF('Match History'!AD:AD,B10,'Match History'!AF:AF)+SUMIF('Match History'!AH:AH,B10,'Match History'!AJ:AJ)+SUMIF('Match History'!AL:AL,B10,'Match History'!AN:AN)+SUMIF('Match History'!AV:AV,B10,'Match History'!AX:AX)+SUMIF('Match History'!AZ:AZ,B10,'Match History'!BB:BB)+SUMIF('Match History'!BD:BD,B10,'Match History'!BF:BF)+SUMIF('Match History'!BH:BH,B10,'Match History'!BJ:BJ))/IF(F10=0,1,F10) -> 21.586402 | P10: {=MAX(MAX(IF('Match History'!B:B=B10,'Match History'!D:D,)),MAX(IF('Match History'!F:F=B10,'Match History'!H:H,)),MAX(IF('Match History'!J:J=B10,'Match History'!L:L,)),MAX(IF('Match History'!N:N=B10,'Match History'!P:P,)),MAX(IF('Match History'!R:R=B10,'Match History'!T:T,)),MAX(IF('Match History'!V:V=B10,'Match History'!X:X,)),MAX(IF('Match History'!Z:Z=B10,'Match History'!AB:AB,)),MAX(IF('Match History'!AD:AD=B10,'Match History'!AF:AF,)),MAX(IF('Match History'!AH:AH=B10,'Match History'!AJ:AJ,)),MAX(IF('Match History'!AL:AL=B10,'Match History'!AN:AN,)),MAX(IF('Match History'!AV:AV=B10,'Match History'!AX:AX,)),MAX(IF('Match History'!AZ:AZ=B10,'Match History'!BB:BB,)),MAX(IF('Match History'!BD:BD=B10,'Match History'!BF:BF,)),MAX(IF('Match History'!BH:BH=B10,'Match History'!BJ:BJ,)))} -> 68 | Q10: {=IF(F10=0,0,MIN(MIN(IF('Match History'!B:B=B10,'Match History'!D:D,999)),MIN(IF('Match History'!F:F=B10,'Match History'!H:H,999)),MIN(IF('Match History'!J:J=B10,'Match History'!L:L,999)),MIN(IF('Match History'!N:N=B10,'Match History'!P:P,999)),MIN(IF('Match History'!R:R=B10,'Match History'!T:T,999)),MIN(IF('Match History'!V:V=B10,'Match History'!X:X,999)),MIN(IF('Match History'!Z:Z=B10,'Match History'!AB:AB,999)),MIN(IF('Match History'!AD:AD=B10,'Match History'!AF:AF,999)),MIN(IF('Match History'!AH:AH=B10,'Match History'!AJ:AJ,999)),MIN(IF('Match History'!AL:AL=B10,'Match History'!AN:AN,999)),MIN(IF('Match History'!AV:AV=B10,'Match History'!AX:AX,999)),MIN(IF('Match History'!AZ:AZ=B10,'Match History'!BB:BB,999)),MIN(IF('Match History'!BD:BD=B10,'Match History'!BF:BF,999)),MIN(IF('Match History'!BH:BH=B10,'Match History'!BJ:BJ,999))))} -> 5 | R10: =COUNTIFS('Match History'!B:B,B10,'Match History'!A:A,">="&(DATE(2022,12,31)-30))+COUNTIFS('Match History'!F:F,B10,'Match History'!A:A,">="&(DATE(2022,12,31)-30))+COUNTIFS('Match History'!J:J,B10,'Match History'!A:A,">="&(DATE(2022,12,31)-30))+COUNTIFS('Match History'!N:N,B10,'Match History'!A:A,">="&(DATE(2022,12,31)-30))+COUNTIFS('Match History'!R:R,B10,'Match History'!A:A,">="&(DATE(2022,12,31)-30))+COUNTIFS('Match History'!V:V,B10,'Match History'!A:A,">="&(DATE(2022,12,31)-30))+COUNTIFS('Match History'!Z:Z,B10,'Match History'!A:A,">="&(DATE(2022,12,31)-30))+COUNTIFS('Match History'!AD:AD,B10,'Match History'!A:A,">="&(DATE(2022,12,31)-30))+COUNTIFS('Match History'!AH:AH,B10,'Match History'!A:A,">="&(DATE(2022,12,31)-30))+COUNTIFS('Match History'!AL:AL,B10,'Match History'!A:A,">="&(DATE(2022,12,31)-30))+COUNTIFS('Match History'!AV:AV,B10,'Match History'!A:A,">="&(DATE(2022,12,31)-30))+COUNTIFS('Match History'!AZ:AZ,B10,'Match History'!A:A,">="&(DATE(2022,12,31)-30))+COUNTIFS('Match History'!BD:BD,B10,'Match History'!A:A,">="&(DATE(2022,12,31)-30))+COUNTIFS('Match History'!BH:BH,B10,'Match History'!A:A,">="&(DATE(2022,12,31)-30)) -> 43 | S10: =COUNTIFS('Match History'!B:B,B10,'Match History'!A:A,">="&(DATE(2022,12,31)-365))+COUNTIFS('Match History'!F:F,B10,'Match History'!A:A,">="&(DATE(2022,12,31)-365))+COUNTIFS('Match History'!J:J,B10,'Match History'!A:A,">="&(DATE(2022,12,31)-365))+COUNTIFS('Match History'!N:N,B10,'Match History'!A:A,">="&(DATE(2022,12,31)-365))+COUNTIFS('Match History'!R:R,B10,'Match History'!A:A,">="&(DATE(2022,12,31)-365))+COUNTIFS('Match History'!V:V,B10,'Match History'!A:A,">="&(DATE(2022,12,31)-365))+COUNTIFS('Match History'!Z:Z,B10,'Match History'!A:A,">="&(DATE(2022,12,31)-365))+COUNTIFS('Match History'!AD:AD,B10,'Match History'!A:A,">="&(DATE(2022,12,31)-365))+COUNTIFS('Match History'!AH:AH,B10,'Match History'!A:A,">="&(DATE(2022,12,31)-365))+COUNTIFS('Match History'!AL:AL,B10,'Match History'!A:A,">="&(DATE(2022,12,31)-365))+COUNTIFS('Match History'!AV:AV,B10,'Match History'!A:A,">="&(DATE(2022,12,31)-365))+COUNTIFS('Match History'!AZ:AZ,B10,'Match History'!A:A,">="&(DATE(2022,12,31)-365))+COUNTIFS('Match History'!BD:BD,B10,'Match History'!A:A,">="&(DATE(2022,12,31)-365))+COUNTIFS('Match History'!BH:BH,B10,'Match History'!A:A,">="&(DATE(2022,12,31)-365)) -> 404 | T10: {=IF(F10=0,0,INDEX('Match History'!B:BK,MATCH(N10,'Match History'!A:A,0),MATCH(B10,INDEX('Match History'!B:BK,MATCH(N10,'Match History'!A:A,0),0),0)+3)-INDEX('Match History'!B:BK,MATCH(N10,'Match History'!A:A,0),MATCH(B10,INDEX('Match History'!B:BK,MATCH(N10,'Match History'!A:A,0),0),0)+1))} -> 7.0569816 | U10: =COUNTIFS('Match History'!B:B,B10,'Match History'!A:A,">="&(DATE(2022,12,31)-92)) +COUNTIFS('Match History'!F:F,B10,'Match History'!A:A,">="&(DATE(2022,12,31)-92)) +COUNTIFS('Match History'!J:J,B10,'Match History'!A:A,">="&(DATE(2022,12,31)-92)) +COUNTIFS('Match History'!N:N,B10,'Match History'!A:A,">="&(DATE(2022,12,31)-92)) +COUNTIFS('Match History'!R:R,B10,'Match History'!A:A,">="&(DATE(2022,12,31)-92)) +COUNTIFS('Match History'!V:V,B10,'Match History'!A:A,">="&(DATE(2022,12,31)-92)) +COUNTIFS('Match History'!Z:Z,B10,'Match History'!A:A,">="&(DATE(2022,12,31)-92)) +COUNTIFS('Match History'!AD:AD,B10,'Match History'!A:A,">="&(DATE(2022,12,31)-92)) +COUNTIFS('Match History'!AH:AH,B10,'Match History'!A:A,">="&(DATE(2022,12,31)-92)) +COUNTIFS('Match History'!AL:AL,B10,'Match History'!A:A,">="&(DATE(2022,12,31)-92)) +COUNTIFS('Match History'!AV:AV,B10,'Match History'!A:A,">="&(DATE(2022,12,31)-92)) +COUNTIFS('Match History'!AZ:AZ,B10,'Match History'!A:A,">="&(DATE(2022,12,31)-92)) +COUNTIFS('Match History'!BD:BD,B10,'Match History'!A:A,">="&(DATE(2022,12,31)-92)) +COUNTIFS('Match History'!BH:BH,B10,'Match History'!A:A,">="&(DATE(2022,12,31)-92)) -> 132 | V10: =IF(U10=0,0,(SUMIFS('Match History'!D:D,'Match History'!A:A,">=10/01/2022 00:00",'Match History'!A:A,"<=12/31/2022 23:59",'Match History'!B:B,B10) +SUMIFS('Match History'!H:H,'Match History'!A:A,">=10/01/2022 00:00",'Match History'!A:A,"<=12/31/2022 23:59",'Match History'!F:F,B10) +SUMIFS('Match History'!L:L,'Match History'!A:A,">=10/01/2022 00:00",'Match History'!A:A,"<=12/31/2022 23:59",'Match History'!J:J,B10) +SUMIFS('Match History'!P:P,'Match History'!A:A,">=10/01/2022 00:00",'Match History'!A:A,"<=12/31/2022 23:59",'Match History'!N:N,B10) +SUMIFS('Match History'!T:T,'Match History'!A:A,">=10/01/2022 00:00",'Match History'!A:A,"<=12/31/2022 23:59",'Match History'!R:R,B10) +SUMIFS('Match History'!X:X,'Match History'!A:A,">=10/01/2022 00:00",'Match History'!A:A,"<=12/31/2022 23:59",'Match History'!V:V,B10) +SUMIFS('Match History'!AB:AB,'Match History'!A:A,">=10/01/2022 00:00",'Match History'!A:A,"<=12/31/2022 23:59",'Match History'!Z:Z,B10) +SUMIFS('Match History'!AF:AF,'Match History'!A:A,">=10/01/2022 00:00",'Match History'!A:A,"<=12/31/2022 23:59",'Match History'!AD:AD,B10) +SUMIFS('Match History'!AJ:AJ,'Match History'!A:A,">=10/01/2022 00:00",'Match History'!A:A,"<=12/31/2022 23:59",'Match History'!AH:AH,B10) +SUMIFS('Match History'!AN:AN,'Match History'!A:A,">=10/01/2022 00:00",'Match History'!A:A,"<=12/31/2022 23:59",'Match History'!AL:AL,B10) +SUMIFS('Match History'!AX:AX,'Match History'!A:A,">=10/01/2022 00:00",'Match History'!A:A,"<=12/31/2022 23:59",'Match History'!AV:AV,B10)+SUMIFS('Match History'!BB:BB,'Match History'!A:A,">=10/01/2022 00:00",'Match History'!A:A,"<=12/31/2022 23:59",'Match History'!AZ:AZ,B10) +SUMIFS('Match History'!BF:BF,'Match History'!A:A,">=10/01/2022 00:00",'Match History'!A:A,"<=12/31/2022 23:59",'Match History'!BD:BD,B10) +SUMIFS('Match History'!BJ:BJ,'Match History'!A:A,">=10/01/2022 00:00",'Match History'!A:A,"<=12/31/2022 23:59",'Match History'!BH:BH,B10))/U10) -> 21.30303
A11: Watson | B11: watson | C11: 1048.6734 | D11: =NORMDIST(C11,1000,STDEV(Players!$C$2:$C$39)+0.00001,TRUE) -> 0.7221925 | F11: =COUNTIF('Match History'!A:BK,"watson") -> 62 | G11: PT | H11: [ESOE],|ƒ| | I11: - | L11: =AND($N11<>"no war", $N11>=DATE(2022, 12, 31)-30, $M11<>TRUE) -> TRUE | M11: FALSE | N11: {=IF(F11=0, "no war", INDEX('Match History'!A:A, MAX(MAX(('Match History'!B:B=B11)*(ROW('Match History'!B:B))),MAX(('Match History'!F:F=B11)*(ROW('Match History'!F:F))),MAX(('Match History'!J:J=B11)*(ROW('Match History'!J:J))),MAX(('Match History'!N:N=B11)*(ROW('Match History'!N:N))),MAX(('Match History'!R:R=B11)*(ROW('Match History'!R:R))),MAX(('Match History'!V:V=B11)*(ROW('Match History'!V:V))),MAX(('Match History'!Z:Z=B11)*(ROW('Match History'!Z:Z))),MAX(('Match History'!AD:AD=B11)*(ROW('Match History'!AD:AD))),MAX(('Match History'!AH:AH=B11)*(ROW('Match History'!AH:AH))),MAX(('Match History'!AL:AL=B11)*(ROW('Match History'!AL:AL))),MAX(('Match History'!AV:AV=B11)*(ROW('Match History'!AV:AV))),MAX(('Match History'!AZ:AZ=B11)*(ROW('Match History'!AZ:AZ))),MAX(('Match History'!BD:BD=B11)*(ROW('Match History'!BD:BD))),MAX(('Match History'!BH:BH=B11)*(ROW('Match History'!BH:BH)))), 1))} -> 44926.825 | O11: =(SUMIF('Match History'!B:B,B11,'Match History'!D:D)+SUMIF('Match History'!F:F,B11,'Match History'!H:H)+SUMIF('Match History'!J:J,B11,'Match History'!L:L)+SUMIF('Match History'!N:N,B11,'Match History'!P:P)+SUMIF('Match History'!R:R,B11,'Match History'!T:T)+SUMIF('Match History'!V:V,B11,'Match History'!X:X)+SUMIF('Match History'!Z:Z,B11,'Match History'!AB:AB)+SUMIF('Match History'!AD:AD,B11,'Match History'!AF:AF)+SUMIF('Match History'!AH:AH,B11,'Match History'!AJ:AJ)+SUMIF('Match History'!AL:AL,B11,'Match History'!AN:AN)+SUMIF('Match History'!AV:AV,B11,'Match History'!AX:AX)+SUMIF('Match History'!AZ:AZ,B11,'Match History'!BB:BB)+SUMIF('Match History'!BD:BD,B11,'Match History'!BF:BF)+SUMIF('Match History'!BH:BH,B11,'Match History'!BJ:BJ))/IF(F11=0,1,F11) -> 20.870968 | P11: {=MAX(MAX(IF('Match History'!B:B=B11,'Match History'!D:D,)),MAX(IF('Match History'!F:F=B11,'Match History'!H:H,)),MAX(IF('Match History'!J:J=B11,'Match History'!L:L,)),MAX(IF('Match History'!N:N=B11,'Match History'!P:P,)),MAX(IF('Match History'!R:R=B11,'Match History'!T:T,)),MAX(IF('Match History'!V:V=B11,'Match History'!X:X,)),MAX(IF('Match History'!Z:Z=B11,'Match History'!AB:AB,)),MAX(IF('Match History'!AD:AD=B11,'Match History'!AF:AF,)),MAX(IF('Match History'!AH:AH=B11,'Match History'!AJ:AJ,)),MAX(IF('Match History'!AL:AL=B11,'Match History'!AN:AN,)),MAX(IF('Match History'!AV:AV=B11,'Match History'!AX:AX,)),MAX(IF('Match History'!AZ:AZ=B11,'Match History'!BB:BB,)),MAX(IF('Match History'!BD:BD=B11,'Match History'!BF:BF,)),MAX(IF('Match History'!BH:BH=B11,'Match History'!BJ:BJ,)))} -> 50 | Q11: {=IF(F11=0,0,MIN(MIN(IF('Match History'!B:B=B11,'Match History'!D:D,999)),MIN(IF('Match History'!F:F=B11,'Match History'!H:H,999)),MIN(IF('Match History'!J:J=B11,'Match History'!L:L,999)),MIN(IF('Match History'!N:N=B11,'Match History'!P:P,999)),MIN(IF('Match History'!R:R=B11,'Match History'!T:T,999)),MIN(IF('Match History'!V:V=B11,'Match History'!X:X,999)),MIN(IF('Match History'!Z:Z=B11,'Match History'!AB:AB,999)),MIN(IF('Match History'!AD:AD=B11,'Match History'!AF:AF,999)),MIN(IF('Match History'!AH:AH=B11,'Match History'!AJ:AJ,999)),MIN(IF('Match History'!AL:AL=B11,'Match History'!AN:AN,999)),MIN(IF('Match History'!AV:AV=B11,'Match History'!AX:AX,999)),MIN(IF('Match History'!AZ:AZ=B11,'Match History'!BB:BB,999)),MIN(IF('Match History'!BD:BD=B11,'Match History'!BF:BF,999)),MIN(IF('Match History'!BH:BH=B11,'Match History'!BJ:BJ,999))))} -> 7 | R11: =COUNTIFS('Match History'!B:B,B11,'Match History'!A:A,">="&(DATE(2022,12,31)-30))+COUNTIFS('Match History'!F:F,B11,'Match History'!A:A,">="&(DATE(2022,12,31)-30))+COUNTIFS('Match History'!J:J,B11,'Match History'!A:A,">="&(DATE(2022,12,31)-30))+COUNTIFS('Match History'!N:N,B11,'Match History'!A:A,">="&(DATE(2022,12,31)-30))+COUNTIFS('Match History'!R:R,B11,'Match History'!A:A,">="&(DATE(2022,12,31)-30))+COUNTIFS('Match History'!V:V,B11,'Match History'!A:A,">="&(DATE(2022,12,31)-30))+COUNTIFS('Match History'!Z:Z,B11,'Match History'!A:A,">="&(DATE(2022,12,31)-30))+COUNTIFS('Match History'!AD:AD,B11,'Match History'!A:A,">="&(DATE(2022,12,31)-30))+COUNTIFS('Match History'!AH:AH,B11,'Match History'!A:A,">="&(DATE(2022,12,31)-30))+COUNTIFS('Match History'!AL:AL,B11,'Match History'!A:A,">="&(DATE(2022,12,31)-30))+COUNTIFS('Match History'!AV:AV,B11,'Match History'!A:A,">="&(DATE(2022,12,31)-30))+COUNTIFS('Match History'!AZ:AZ,B11,'Match History'!A:A,">="&(DATE(2022,12,31)-30))+COUNTIFS('Match History'!BD:BD,B11,'Match History'!A:A,">="&(DATE(2022,12,31)-30))+COUNTIFS('Match History'!BH:BH,B11,'Match History'!A:A,">="&(DATE(2022,12,31)-30)) -> 42 | S11: =COUNTIFS('Match History'!B:B,B11,'Match History'!A:A,">="&(DATE(2022,12,31)-365))+COUNTIFS('Match History'!F:F,B11,'Match History'!A:A,">="&(DATE(2022,12,31)-365))+COUNTIFS('Match History'!J:J,B11,'Match History'!A:A,">="&(DATE(2022,12,31)-365))+COUNTIFS('Match History'!N:N,B11,'Match History'!A:A,">="&(DATE(2022,12,31)-365))+COUNTIFS('Match History'!R:R,B11,'Match History'!A:A,">="&(DATE(2022,12,31)-365))+COUNTIFS('Match History'!V:V,B11,'Match History'!A:A,">="&(DATE(2022,12,31)-365))+COUNTIFS('Match History'!Z:Z,B11,'Match History'!A:A,">="&(DATE(2022,12,31)-365))+COUNTIFS('Match History'!AD:AD,B11,'Match History'!A:A,">="&(DATE(2022,12,31)-365))+COUNTIFS('Match History'!AH:AH,B11,'Match History'!A:A,">="&(DATE(2022,12,31)-365))+COUNTIFS('Match History'!AL:AL,B11,'Match History'!A:A,">="&(DATE(2022,12,31)-365))+COUNTIFS('Match History'!AV:AV,B11,'Match History'!A:A,">="&(DATE(2022,12,31)-365))+COUNTIFS('Match History'!AZ:AZ,B11,'Match History'!A:A,">="&(DATE(2022,12,31)-365))+COUNTIFS('Match History'!BD:BD,B11,'Match History'!A:A,">="&(DATE(2022,12,31)-365))+COUNTIFS('Match History'!BH:BH,B11,'Match History'!A:A,">="&(DATE(2022,12,31)-365)) -> 59 | T11: {=IF(F11=0,0,INDEX('Match History'!B:BK,MATCH(N11,'Match History'!A:A,0),MATCH(B11,INDEX('Match History'!B:BK,MATCH(N11,'Match History'!A:A,0),0),0)+3)-INDEX('Match History'!B:BK,MATCH(N11,'Match History'!A:A,0),MATCH(B11,INDEX('Match History'!B:BK,MATCH(N11,'Match History'!A:A,0),0),0)+1))} -> 1.0150056 | U11: =COUNTIFS('Match History'!B:B,B11,'Match History'!A:A,">="&(DATE(2022,12,31)-92)) +COUNTIFS('Match History'!F:F,B11,'Match History'!A:A,">="&(DATE(2022,12,31)-92)) +COUNTIFS('Match History'!J:J,B11,'Match History'!A:A,">="&(DATE(2022,12,31)-92)) +COUNTIFS('Match History'!N:N,B11,'Match History'!A:A,">="&(DATE(2022,12,31)-92)) +COUNTIFS('Match History'!R:R,B11,'Match History'!A:A,">="&(DATE(2022,12,31)-92)) +COUNTIFS('Match History'!V:V,B11,'Match History'!A:A,">="&(DATE(2022,12,31)-92)) +COUNTIFS('Match History'!Z:Z,B11,'Match History'!A:A,">="&(DATE(2022,12,31)-92)) +COUNTIFS('Match History'!AD:AD,B11,'Match History'!A:A,">="&(DATE(2022,12,31)-92)) +COUNTIFS('Match History'!AH:AH,B11,'Match History'!A:A,">="&(DATE(2022,12,31)-92)) +COUNTIFS('Match History'!AL:AL,B11,'Match History'!A:A,">="&(DATE(2022,12,31)-92)) +COUNTIFS('Match History'!AV:AV,B11,'Match History'!A:A,">="&(DATE(2022,12,31)-92)) +COUNTIFS('Match History'!AZ:AZ,B11,'Match History'!A:A,">="&(DATE(2022,12,31)-92)) +COUNTIFS('Match History'!BD:BD,B11,'Match History'!A:A,">="&(DATE(2022,12,31)-92)) +COUNTIFS('Match History'!BH:BH,B11,'Match History'!A:A,">="&(DATE(2022,12,31)-92)) -> 42 | V11: =IF(U11=0,0,(SUMIFS('Match History'!D:D,'Match History'!A:A,">=10/01/2022 00:00",'Match History'!A:A,"<=12/31/2022 23:59",'Match History'!B:B,B11) +SUMIFS('Match History'!H:H,'Match History'!A:A,">=10/01/2022 00:00",'Match History'!A:A,"<=12/31/2022 23:59",'Match History'!F:F,B11) +SUMIFS('Match History'!L:L,'Match History'!A:A,">=10/01/2022 00:00",'Match History'!A:A,"<=12/31/2022 23:59",'Match History'!J:J,B11) +SUMIFS('Match History'!P:P,'Match History'!A:A,">=10/01/2022 00:00",'Match History'!A:A,"<=12/31/2022 23:59",'Match History'!N:N,B11) +SUMIFS('Match History'!T:T,'Match History'!A:A,">=10/01/2022 00:00",'Match History'!A:A,"<=12/31/2022 23:59",'Match History'!R:R,B11) +SUMIFS('Match History'!X:X,'Match History'!A:A,">=10/01/2022 00:00",'Match History'!A:A,"<=12/31/2022 23:59",'Match History'!V:V,B11) +SUMIFS('Match History'!AB:AB,'Match History'!A:A,">=10/01/2022 00:00",'Match History'!A:A,"<=12/31/2022 23:59",'Match History'!Z:Z,B11) +SUMIFS('Match History'!AF:AF,'Match History'!A:A,">=10/01/2022 00:00",'Match History'!A:A,"<=12/31/2022 23:59",'Match History'!AD:AD,B11) +SUMIFS('Match History'!AJ:AJ,'Match History'!A:A,">=10/01/2022 00:00",'Match History'!A:A,"<=12/31/2022 23:59",'Match History'!AH:AH,B11) +SUMIFS('Match History'!AN:AN,'Match History'!A:A,">=10/01/2022 00:00",'Match History'!A:A,"<=12/31/2022 23:59",'Match History'!AL:AL,B11) +SUMIFS('Match History'!AX:AX,'Match History'!A:A,">=10/01/2022 00:00",'Match History'!A:A,"<=12/31/2022 23:59",'Match History'!AV:AV,B11)+SUMIFS('Match History'!BB:BB,'Match History'!A:A,">=10/01/2022 00:00",'Match History'!A:A,"<=12/31/2022 23:59",'Match History'!AZ:AZ,B11) +SUMIFS('Match History'!BF:BF,'Match History'!A:A,">=10/01/2022 00:00",'Match History'!A:A,"<=12/31/2022 23:59",'Match History'!BD:BD,B11) +SUMIFS('Match History'!BJ:BJ,'Match History'!A:A,">=10/01/2022 00:00",'Match History'!A:A,"<=12/31/2022 23:59",'Match History'!BH:BH,B11))/U11) -> 21.047619
A12: ^Cronic | B12: Cronic | C12: 1039.4702 | D12: =NORMDIST(C12,1000,STDEV(Players!$C$2:$C$39)+0.00001,TRUE) -> 0.68364966 | F12: =COUNTIF('Match History'!A:BK,"Cronic") -> 46 | G12: BE | H12: Team^$tyle, WoA | I12: - | K12: 1 | L12: =AND($N12<>"no war", $N12>=DATE(2022, 12, 31)-30, $M12<>TRUE) -> TRUE | M12: FALSE | N12: {=IF(F12=0, "no war", INDEX('Match History'!A:A, MAX(MAX(('Match History'!B:B=B12)*(ROW('Match History'!B:B))),MAX(('Match History'!F:F=B12)*(ROW('Match History'!F:F))),MAX(('Match History'!J:J=B12)*(ROW('Match History'!J:J))),MAX(('Match History'!N:N=B12)*(ROW('Match History'!N:N))),MAX(('Match History'!R:R=B12)*(ROW('Match History'!R:R))),MAX(('Match History'!V:V=B12)*(ROW('Match History'!V:V))),MAX(('Match History'!Z:Z=B12)*(ROW('Match History'!Z:Z))),MAX(('Match History'!AD:AD=B12)*(ROW('Match History'!AD:AD))),MAX(('Match History'!AH:AH=B12)*(ROW('Match History'!AH:AH))),MAX(('Match History'!AL:AL=B12)*(ROW('Match History'!AL:AL))),MAX(('Match History'!AV:AV=B12)*(ROW('Match History'!AV:AV))),MAX(('Match History'!AZ:AZ=B12)*(ROW('Match History'!AZ:AZ))),MAX(('Match History'!BD:BD=B12)*(ROW('Match History'!BD:BD))),MAX(('Match History'!BH:BH=B12)*(ROW('Match History'!BH:BH)))), 1))} -> 44926.03 | O12: =(SUMIF('Match History'!B:B,B12,'Match History'!D:D)+SUMIF('Match History'!F:F,B12,'Match History'!H:H)+SUMIF('Match History'!J:J,B12,'Match History'!L:L)+SUMIF('Match History'!N:N,B12,'Match History'!P:P)+SUMIF('Match History'!R:R,B12,'Match History'!T:T)+SUMIF('Match History'!V:V,B12,'Match History'!X:X)+SUMIF('Match History'!Z:Z,B12,'Match History'!AB:AB)+SUMIF('Match History'!AD:AD,B12,'Match History'!AF:AF)+SUMIF('Match History'!AH:AH,B12,'Match History'!AJ:AJ)+SUMIF('Match History'!AL:AL,B12,'Match History'!AN:AN)+SUMIF('Match History'!AV:AV,B12,'Match History'!AX:AX)+SUMIF('Match History'!AZ:AZ,B12,'Match History'!BB:BB)+SUMIF('Match History'!BD:BD,B12,'Match History'!BF:BF)+SUMIF('Match History'!BH:BH,B12,'Match History'!BJ:BJ))/IF(F12=0,1,F12) -> 23.804348 | P12: {=MAX(MAX(IF('Match History'!B:B=B12,'Match History'!D:D,)),MAX(IF('Match History'!F:F=B12,'Match History'!H:H,)),MAX(IF('Match History'!J:J=B12,'Match History'!L:L,)),MAX(IF('Match History'!N:N=B12,'Match History'!P:P,)),MAX(IF('Match History'!R:R=B12,'Match History'!T:T,)),MAX(IF('Match History'!V:V=B12,'Match History'!X:X,)),MAX(IF('Match History'!Z:Z=B12,'Match History'!AB:AB,)),MAX(IF('Match History'!AD:AD=B12,'Match History'!AF:AF,)),MAX(IF('Match History'!AH:AH=B12,'Match History'!AJ:AJ,)),MAX(IF('Match History'!AL:AL=B12,'Match History'!AN:AN,)),MAX(IF('Match History'!AV:AV=B12,'Match History'!AX:AX,)),MAX(IF('Match History'!AZ:AZ=B12,'Match History'!BB:BB,)),MAX(IF('Match History'!BD:BD=B12,'Match History'!BF:BF,)),MAX(IF('Match History'!BH:BH=B12,'Match History'!BJ:BJ,)))} -> 44 | Q12: {=IF(F12=0,0,MIN(MIN(IF('Match History'!B:B=B12,'Match History'!D:D,999)),MIN(IF('Match History'!F:F=B12,'Match History'!H:H,999)),MIN(IF('Match History'!J:J=B12,'Match History'!L:L,999)),MIN(IF('Match History'!N:N=B12,'Match History'!P:P,999)),MIN(IF('Match History'!R:R=B12,'Match History'!T:T,999)),MIN(IF('Match History'!V:V=B12,'Match History'!X:X,999)),MIN(IF('Match History'!Z:Z=B12,'Match History'!AB:AB,999)),MIN(IF('Match History'!AD:AD=B12,'Match History'!AF:AF,999)),MIN(IF('Match History'!AH:AH=B12,'Match History'!AJ:AJ,999)),MIN(IF('Match History'!AL:AL=B12,'Match History'!AN:AN,999)),MIN(IF('Match History'!AV:AV=B12,'Match History'!AX:AX,999)),MIN(IF('Match History'!AZ:AZ=B12,'Match History'!BB:BB,999)),MIN(IF('Match History'!BD:BD=B12,'Match History'!BF:BF,999)),MIN(IF('Match History'!BH:BH=B12,'Match History'!BJ:BJ,999))))} -> 8 | R12: =COUNTIFS('Match History'!B:B,B12,'Match History'!A:A,">="&(DATE(2022,12,31)-30))+COUNTIFS('Match History'!F:F,B12,'Match History'!A:A,">="&(DATE(2022,12,31)-30))+COUNTIFS('Match History'!J:J,B12,'Match History'!A:A,">="&(DATE(2022,12,31)-30))+COUNTIFS('Match History'!N:N,B12,'Match History'!A:A,">="&(DATE(2022,12,31)-30))+COUNTIFS('Match History'!R:R,B12,'Match History'!A:A,">="&(DATE(2022,12,31)-30))+COUNTIFS('Match History'!V:V,B12,'Match History'!A:A,">="&(DATE(2022,12,31)-30))+COUNTIFS('Match History'!Z:Z,B12,'Match History'!A:A,">="&(DATE(2022,12,31)-30))+COUNTIFS('Match History'!AD:AD,B12,'Match History'!A:A,">="&(DATE(2022,12,31)-30))+COUNTIFS('Match History'!AH:AH,B12,'Match History'!A:A,">="&(DATE(2022,12,31)-30))+COUNTIFS('Match History'!AL:AL,B12,'Match History'!A:A,">="&(DATE(2022,12,31)-30))+COUNTIFS('Match History'!AV:AV,B12,'Match History'!A:A,">="&(DATE(2022,12,31)-30))+COUNTIFS('Match History'!AZ:AZ,B12,'Match History'!A:A,">="&(DATE(2022,12,31)-30))+COUNTIFS('Match History'!BD:BD,B12,'Match History'!A:A,">="&(DATE(2022,12,31)-30))+COUNTIFS('Match History'!BH:BH,B12,'Match History'!A:A,">="&(DATE(2022,12,31)-30)) -> 15 | S12: =COUNTIFS('Match History'!B:B,B12,'Match History'!A:A,">="&(DATE(2022,12,31)-365))+COUNTIFS('Match History'!F:F,B12,'Match History'!A:A,">="&(DATE(2022,12,31)-365))+COUNTIFS('Match History'!J:J,B12,'Match History'!A:A,">="&(DATE(2022,12,31)-365))+COUNTIFS('Match History'!N:N,B12,'Match History'!A:A,">="&(DATE(2022,12,31)-365))+COUNTIFS('Match History'!R:R,B12,'Match History'!A:A,">="&(DATE(2022,12,31)-365))+COUNTIFS('Match History'!V:V,B12,'Match History'!A:A,">="&(DATE(2022,12,31)-365))+COUNTIFS('Match History'!Z:Z,B12,'Match History'!A:A,">="&(DATE(2022,12,31)-365))+COUNTIFS('Match History'!AD:AD,B12,'Match History'!A:A,">="&(DATE(2022,12,31)-365))+COUNTIFS('Match History'!AH:AH,B12,'Match History'!A:A,">="&(DATE(2022,12,31)-365))+COUNTIFS('Match History'!AL:AL,B12,'Match History'!A:A,">="&(DATE(2022,12,31)-365))+COUNTIFS('Match History'!AV:AV,B12,'Match History'!A:A,">="&(DATE(2022,12,31)-365))+COUNTIFS('Match History'!AZ:AZ,B12,'Match History'!A:A,">="&(DATE(2022,12,31)-365))+COUNTIFS('Match History'!BD:BD,B12,'Match History'!A:A,">="&(DATE(2022,12,31)-365))+COUNTIFS('Match History'!BH:BH,B12,'Match History'!A:A,">="&(DATE(2022,12,31)-365)) -> 46 | T12: {=IF(F12=0,0,INDEX('Match History'!B:BK,MATCH(N12,'Match History'!A:A,0),MATCH(B12,INDEX('Match History'!B:BK,MATCH(N12,'Match History'!A:A,0),0),0)+3)-INDEX('Match History'!B:BK,MATCH(N12,'Match History'!A:A,0),MATCH(B12,INDEX('Match History'!B:BK,MATCH(N12,'Match History'!A:A,0),0),0)+1))} -> -9.3564947 | U12: =COUNTIFS('Match History'!B:B,B12,'Match History'!A:A,">="&(DATE(2022,12,31)-92)) +COUNTIFS('Match History'!F:F,B12,'Match History'!A:A,">="&(DATE(2022,12,31)-92)) +COUNTIFS('Match History'!J:J,B12,'Match History'!A:A,">="&(DATE(2022,12,31)-92)) +COUNTIFS('Match History'!N:N,B12,'Match History'!A:A,">="&(DATE(2022,12,31)-92)) +COUNTIFS('Match History'!R:R,B12,'Match History'!A:A,">="&(DATE(2022,12,31)-92)) +COUNTIFS('Match History'!V:V,B12,'Match History'!A:A,">="&(DATE(2022,12,31)-92)) +COUNTIFS('Match History'!Z:Z,B12,'Match History'!A:A,">="&(DATE(2022,12,31)-92)) +COUNTIFS('Match History'!AD:AD,B12,'Match History'!A:A,">="&(DATE(2022,12,31)-92)) +COUNTIFS('Match History'!AH:AH,B12,'Match History'!A:A,">="&(DATE(2022,12,31)-92)) +COUNTIFS('Match History'!AL:AL,B12,'Match History'!A:A,">="&(DATE(2022,12,31)-92)) +COUNTIFS('Match History'!AV:AV,B12,'Match History'!A:A,">="&(DATE(2022,12,31)-92)) +COUNTIFS('Match History'!AZ:AZ,B12,'Match History'!A:A,">="&(DATE(2022,12,31)-92)) +COUNTIFS('Match History'!BD:BD,B12,'Match History'!A:A,">="&(DATE(2022,12,31)-92)) +COUNTIFS('Match History'!BH:BH,B12,'Match History'!A:A,">="&(DATE(2022,12,31)-92)) -> 23 | V12: =IF(U12=0,0,(SUMIFS('Match History'!D:D,'Match History'!A:A,">=10/01/2022 00:00",'Match History'!A:A,"<=12/31/2022 23:59",'Match History'!B:B,B12) +SUMIFS('Match History'!H:H,'Match History'!A:A,">=10/01/2022 00:00",'Match History'!A:A,"<=12/31/2022 23:59",'Match History'!F:F,B12) +SUMIFS('Match History'!L:L,'Match History'!A:A,">=10/01/2022 00:00",'Match History'!A:A,"<=12/31/2022 23:59",'Match History'!J:J,B12) +SUMIFS('Match History'!P:P,'Match History'!A:A,">=10/01/2022 00:00",'Match History'!A:A,"<=12/31/2022 23:59",'Match History'!N:N,B12) +SUMIFS('Match History'!T:T,'Match History'!A:A,">=10/01/2022 00:00",'Match History'!A:A,"<=12/31/2022 23:59",'Match History'!R:R,B12) +SUMIFS('Match History'!X:X,'Match History'!A:A,">=10/01/2022 00:00",'Match History'!A:A,"<=12/31/2022 23:59",'Match History'!V:V,B12) +SUMIFS('Match History'!AB:AB,'Match History'!A:A,">=10/01/2022 00:00",'Match History'!A:A,"<=12/31/2022 23:59",'Match History'!Z:Z,B12) +SUMIFS('Match History'!AF:AF,'Match History'!A:A,">=10/01/2022 00:00",'Match History'!A:A,"<=12/31/2022 23:59",'Match History'!AD:AD,B12) +SUMIFS('Match History'!AJ:AJ,'Match History'!A:A,">=10/01/2022 00:00",'Match History'!A:A,"<=12/31/2022 23:59",'Match History'!AH:AH,B12) +SUMIFS('Match History'!AN:AN,'Match History'!A:A,">=10/01/2022 00:00",'Match History'!A:A,"<=12/31/2022 23:59",'Match History'!AL:AL,B12) +SUMIFS('Match History'!AX:AX,'Match History'!A:A,">=10/01/2022 00:00",'Match History'!A:A,"<=12/31/2022 23:59",'Match History'!AV:AV,B12)+SUMIFS('Match History'!BB:BB,'Match History'!A:A,">=10/01/2022 00:00",'Match History'!A:A,"<=12/31/2022 23:59",'Match History'!AZ:AZ,B12) +SUMIFS('Match History'!BF:BF,'Match History'!A:A,">=10/01/2022 00:00",'Match History'!A:A,"<=12/31/2022 23:59",'Match History'!BD:BD,B12) +SUMIFS('Match History'!BJ:BJ,'Match History'!A:A,">=10/01/2022 00:00",'Match History'!A:A,"<=12/31/2022 23:59",'Match History'!BH:BH,B12))/U12) -> 21.73913
A13: L4mer™ | B13: l4mer | C13: 1019.3 | D13: =NORMDIST(C13,1000,STDEV(Players!$C$2:$C$39)+0.00001,TRUE) -> 0.59238965 | F13: =COUNTIF('Match History'!A:BK,"l4mer") -> 105 | G13: PL | H13: |=AK=| | I13: - | L13: =AND($N13<>"no war", $N13>=DATE(2022, 12, 31)-30, $M13<>TRUE) -> TRUE | M13: FALSE | N13: {=IF(F13=0, "no war", INDEX('Match History'!A:A, MAX(MAX(('Match History'!B:B=B13)*(ROW('Match History'!B:B))),MAX(('Match History'!F:F=B13)*(ROW('Match History'!F:F))),MAX(('Match History'!J:J=B13)*(ROW('Match History'!J:J))),MAX(('Match History'!N:N=B13)*(ROW('Match History'!N:N))),MAX(('Match History'!R:R=B13)*(ROW('Match History'!R:R))),MAX(('Match History'!V:V=B13)*(ROW('Match History'!V:V))),MAX(('Match History'!Z:Z=B13)*(ROW('Match History'!Z:Z))),MAX(('Match History'!AD:AD=B13)*(ROW('Match History'!AD:AD))),MAX(('Match History'!AH:AH=B13)*(ROW('Match History'!AH:AH))),MAX(('Match History'!AL:AL=B13)*(ROW('Match History'!AL:AL))),MAX(('Match History'!AV:AV=B13)*(ROW('Match History'!AV:AV))),MAX(('Match History'!AZ:AZ=B13)*(ROW('Match History'!AZ:AZ))),MAX(('Match History'!BD:BD=B13)*(ROW('Match History'!BD:BD))),MAX(('Match History'!BH:BH=B13)*(ROW('Match History'!BH:BH)))), 1))} -> 44924.998 | O13: =(SUMIF('Match History'!B:B,B13,'Match History'!D:D)+SUMIF('Match History'!F:F,B13,'Match History'!H:H)+SUMIF('Match History'!J:J,B13,'Match History'!L:L)+SUMIF('Match History'!N:N,B13,'Match History'!P:P)+SUMIF('Match History'!R:R,B13,'Match History'!T:T)+SUMIF('Match History'!V:V,B13,'Match History'!X:X)+SUMIF('Match History'!Z:Z,B13,'Match History'!AB:AB)+SUMIF('Match History'!AD:AD,B13,'Match History'!AF:AF)+SUMIF('Match History'!AH:AH,B13,'Match History'!AJ:AJ)+SUMIF('Match History'!AL:AL,B13,'Match History'!AN:AN)+SUMIF('Match History'!AV:AV,B13,'Match History'!AX:AX)+SUMIF('Match History'!AZ:AZ,B13,'Match History'!BB:BB)+SUMIF('Match History'!BD:BD,B13,'Match History'!BF:BF)+SUMIF('Match History'!BH:BH,B13,'Match History'!BJ:BJ))/IF(F13=0,1,F13) -> 18.028571 | P13: {=MAX(MAX(IF('Match History'!B:B=B13,'Match History'!D:D,)),MAX(IF('Match History'!F:F=B13,'Match History'!H:H,)),MAX(IF('Match History'!J:J=B13,'Match History'!L:L,)),MAX(IF('Match History'!N:N=B13,'Match History'!P:P,)),MAX(IF('Match History'!R:R=B13,'Match History'!T:T,)),MAX(IF('Match History'!V:V=B13,'Match History'!X:X,)),MAX(IF('Match History'!Z:Z=B13,'Match History'!AB:AB,)),MAX(IF('Match History'!AD:AD=B13,'Match History'!AF:AF,)),MAX(IF('Match History'!AH:AH=B13,'Match History'!AJ:AJ,)),MAX(IF('Match History'!AL:AL=B13,'Match History'!AN:AN,)),MAX(IF('Match History'!AV:AV=B13,'Match History'!AX:AX,)),MAX(IF('Match History'!AZ:AZ=B13,'Match History'!BB:BB,)),MAX(IF('Match History'!BD:BD=B13,'Match History'!BF:BF,)),MAX(IF('Match History'!BH:BH=B13,'Match History'!BJ:BJ,)))} -> 39 | Q13: {=IF(F13=0,0,MIN(MIN(IF('Match History'!B:B=B13,'Match History'!D:D,999)),MIN(IF('Match History'!F:F=B13,'Match History'!H:H,999)),MIN(IF('Match History'!J:J=B13,'Match History'!L:L,999)),MIN(IF('Match History'!N:N=B13,'Match History'!P:P,999)),MIN(IF('Match History'!R:R=B13,'Match History'!T:T,999)),MIN(IF('Match History'!V:V=B13,'Match History'!X:X,999)),MIN(IF('Match History'!Z:Z=B13,'Match History'!AB:AB,999)),MIN(IF('Match History'!AD:AD=B13,'Match History'!AF:AF,999)),MIN(IF('Match History'!AH:AH=B13,'Match History'!AJ:AJ,999)),MIN(IF('Match History'!AL:AL=B13,'Match History'!AN:AN,999)),MIN(IF('Match History'!AV:AV=B13,'Match History'!AX:AX,999)),MIN(IF('Match History'!AZ:AZ=B13,'Match History'!BB:BB,999)),MIN(IF('Match History'!BD:BD=B13,'Match History'!BF:BF,999)),MIN(IF('Match History'!BH:BH=B13,'Match History'!BJ:BJ,999))))} -> 4 | R13: =COUNTIFS('Match History'!B:B,B13,'Match History'!A:A,">="&(DATE(2022,12,31)-30))+COUNTIFS('Match History'!F:F,B13,'Match History'!A:A,">="&(DATE(2022,12,31)-30))+COUNTIFS('Match History'!J:J,B13,'Match History'!A:A,">="&(DATE(2022,12,31)-30))+COUNTIFS('Match History'!N:N,B13,'Match History'!A:A,">="&(DATE(2022,12,31)-30))+COUNTIFS('Match History'!R:R,B13,'Match History'!A:A,">="&(DATE(2022,12,31)-30))+COUNTIFS('Match History'!V:V,B13,'Match History'!A:A,">="&(DATE(2022,12,31)-30))+COUNTIFS('Match History'!Z:Z,B13,'Match History'!A:A,">="&(DATE(2022,12,31)-30))+COUNTIFS('Match History'!AD:AD,B13,'Match History'!A:A,">="&(DATE(2022,12,31)-30))+COUNTIFS('Match History'!AH:AH,B13,'Match History'!A:A,">="&(DATE(2022,12,31)-30))+COUNTIFS('Match History'!AL:AL,B13,'Match History'!A:A,">="&(DATE(2022,12,31)-30))+COUNTIFS('Match History'!AV:AV,B13,'Match History'!A:A,">="&(DATE(2022,12,31)-30))+COUNTIFS('Match History'!AZ:AZ,B13,'Match History'!A:A,">="&(DATE(2022,12,31)-30))+COUNTIFS('Match History'!BD:BD,B13,'Match History'!A:A,">="&(DATE(2022,12,31)-30))+COUNTIFS('Match History'!BH:BH,B13,'Match History'!A:A,">="&(DATE(2022,12,31)-30)) -> 7 | S13: =COUNTIFS('Match History'!B:B,B13,'Match History'!A:A,">="&(DATE(2022,12,31)-365))+COUNTIFS('Match History'!F:F,B13,'Match History'!A:A,">="&(DATE(2022,12,31)-365))+COUNTIFS('Match History'!J:J,B13,'Match History'!A:A,">="&(DATE(2022,12,31)-365))+COUNTIFS('Match History'!N:N,B13,'Match History'!A:A,">="&(DATE(2022,12,31)-365))+COUNTIFS('Match History'!R:R,B13,'Match History'!A:A,">="&(DATE(2022,12,31)-365))+COUNTIFS('Match History'!V:V,B13,'Match History'!A:A,">="&(DATE(2022,12,31)-365))+COUNTIFS('Match History'!Z:Z,B13,'Match History'!A:A,">="&(DATE(2022,12,31)-365))+COUNTIFS('Match History'!AD:AD,B13,'Match History'!A:A,">="&(DATE(2022,12,31)-365))+COUNTIFS('Match History'!AH:AH,B13,'Match History'!A:A,">="&(DATE(2022,12,31)-365))+COUNTIFS('Match History'!AL:AL,B13,'Match History'!A:A,">="&(DATE(2022,12,31)-365))+COUNTIFS('Match History'!AV:AV,B13,'Match History'!A:A,">="&(DATE(2022,12,31)-365))+COUNTIFS('Match History'!AZ:AZ,B13,'Match History'!A:A,">="&(DATE(2022,12,31)-365))+COUNTIFS('Match History'!BD:BD,B13,'Match History'!A:A,">="&(DATE(2022,12,31)-365))+COUNTIFS('Match History'!BH:BH,B13,'Match History'!A:A,">="&(DATE(2022,12,31)-365)) -> 19 | T13: {=IF(F13=0,0,INDEX('Match History'!B:BK,MATCH(N13,'Match History'!A:A,0),MATCH(B13,INDEX('Match History'!B:BK,MATCH(N13,'Match History'!A:A,0),0),0)+3)-INDEX('Match History'!B:BK,MATCH(N13,'Match History'!A:A,0),MATCH(B13,INDEX('Match History'!B:BK,MATCH(N13,'Match History'!A:A,0),0),0)+1))} -> -2.01 | U13: =COUNTIFS('Match History'!B:B,B13,'Match History'!A:A,">="&(DATE(2022,12,31)-92)) +COUNTIFS('Match History'!F:F,B13,'Match History'!A:A,">="&(DATE(2022,12,31)-92)) +COUNTIFS('Match History'!J:J,B13,'Match History'!A:A,">="&(DATE(2022,12,31)-92)) +COUNTIFS('Match History'!N:N,B13,'Match History'!A:A,">="&(DATE(2022,12,31)-92)) +COUNTIFS('Match History'!R:R,B13,'Match History'!A:A,">="&(DATE(2022,12,31)-92)) +COUNTIFS('Match History'!V:V,B13,'Match History'!A:A,">="&(DATE(2022,12,31)-92)) +COUNTIFS('Match History'!Z:Z,B13,'Match History'!A:A,">="&(DATE(2022,12,31)-92)) +COUNTIFS('Match History'!AD:AD,B13,'Match History'!A:A,">="&(DATE(2022,12,31)-92)) +COUNTIFS('Match History'!AH:AH,B13,'Match History'!A:A,">="&(DATE(2022,12,31)-92)) +COUNTIFS('Match History'!AL:AL,B13,'Match History'!A:A,">="&(DATE(2022,12,31)-92)) +COUNTIFS('Match History'!AV:AV,B13,'Match History'!A:A,">="&(DATE(2022,12,31)-92)) +COUNTIFS('Match History'!AZ:AZ,B13,'Match History'!A:A,">="&(DATE(2022,12,31)-92)) +COUNTIFS('Match History'!BD:BD,B13,'Match History'!A:A,">="&(DATE(2022,12,31)-92)) +COUNTIFS('Match History'!BH:BH,B13,'Match History'!A:A,">="&(DATE(2022,12,31)-92)) -> 7 | V13: =IF(U13=0,0,(SUMIFS('Match History'!D:D,'Match History'!A:A,">=10/01/2022 00:00",'Match History'!A:A,"<=12/31/2022 23:59",'Match History'!B:B,B13) +SUMIFS('Match History'!H:H,'Match History'!A:A,">=10/01/2022 00:00",'Match History'!A:A,"<=12/31/2022 23:59",'Match History'!F:F,B13) +SUMIFS('Match History'!L:L,'Match History'!A:A,">=10/01/2022 00:00",'Match History'!A:A,"<=12/31/2022 23:59",'Match History'!J:J,B13) +SUMIFS('Match History'!P:P,'Match History'!A:A,">=10/01/2022 00:00",'Match History'!A:A,"<=12/31/2022 23:59",'Match History'!N:N,B13) +SUMIFS('Match History'!T:T,'Match History'!A:A,">=10/01/2022 00:00",'Match History'!A:A,"<=12/31/2022 23:59",'Match History'!R:R,B13) +SUMIFS('Match History'!X:X,'Match History'!A:A,">=10/01/2022 00:00",'Match History'!A:A,"<=12/31/2022 23:59",'Match History'!V:V,B13) +SUMIFS('Match History'!AB:AB,'Match History'!A:A,">=10/01/2022 00:00",'Match History'!A:A,"<=12/31/2022 23:59",'Match History'!Z:Z,B13) +SUMIFS('Match History'!AF:AF,'Match History'!A:A,">=10/01/2022 00:00",'Match History'!A:A,"<=12/31/2022 23:59",'Match History'!AD:AD,B13) +SUMIFS('Match History'!AJ:AJ,'Match History'!A:A,">=10/01/2022 00:00",'Match History'!A:A,"<=12/31/2022 23:59",'Match History'!AH:AH,B13) +SUMIFS('Match History'!AN:AN,'Match History'!A:A,">=10/01/2022 00:00",'Match History'!A:A,"<=12/31/2022 23:59",'Match History'!AL:AL,B13) +SUMIFS('Match History'!AX:AX,'Match History'!A:A,">=10/01/2022 00:00",'Match History'!A:A,"<=12/31/2022 23:59",'Match History'!AV:AV,B13)+SUMIFS('Match History'!BB:BB,'Match History'!A:A,">=10/01/2022 00:00",'Match History'!A:A,"<=12/31/2022 23:59",'Match History'!AZ:AZ,B13) +SUMIFS('Match History'!BF:BF,'Match History'!A:A,">=10/01/2022 00:00",'Match History'!A:A,"<=12/31/2022 23:59",'Match History'!BD:BD,B13) +SUMIFS('Match History'!BJ:BJ,'Match History'!A:A,">=10/01/2022 00:00",'Match History'!A:A,"<=12/31/2022 23:59",'Match History'!BH:BH,B13))/U13) -> 20.857143
A14: Wariat | B14: wariat | C14: 1016.6046 | D14: =NORMDIST(C14,1000,STDEV(Players!$C$2:$C$39)+0.00001,TRUE) -> 0.57967381 | F14: =COUNTIF('Match History'!A:BK,"wariat") -> 546 | G14: PL | H14: stArs | I14: - | K14: 2 | L14: =AND($N14<>"no war", $N14>=DATE(2022, 12, 31)-30, $M14<>TRUE) -> TRUE | M14: FALSE | N14: {=IF(F14=0, "no war", INDEX('Match History'!A:A, MAX(MAX(('Match History'!B:B=B14)*(ROW('Match History'!B:B))),MAX(('Match History'!F:F=B14)*(ROW('Match History'!F:F))),MAX(('Match History'!J:J=B14)*(ROW('Match History'!J:J))),MAX(('Match History'!N:N=B14)*(ROW('Match History'!N:N))),MAX(('Match History'!R:R=B14)*(ROW('Match History'!R:R))),MAX(('Match History'!V:V=B14)*(ROW('Match History'!V:V))),MAX(('Match History'!Z:Z=B14)*(ROW('Match History'!Z:Z))),MAX(('Match History'!AD:AD=B14)*(ROW('Match History'!AD:AD))),MAX(('Match History'!AH:AH=B14)*(ROW('Match History'!AH:AH))),MAX(('Match History'!AL:AL=B14)*(ROW('Match History'!AL:AL))),MAX(('Match History'!AV:AV=B14)*(ROW('Match History'!AV:AV))),MAX(('Match History'!AZ:AZ=B14)*(ROW('Match History'!AZ:AZ))),MAX(('Match History'!BD:BD=B14)*(ROW('Match History'!BD:BD))),MAX(('Match History'!BH:BH=B14)*(ROW('Match History'!BH:BH)))), 1))} -> 44919.114 | O14: =(SUMIF('Match History'!B:B,B14,'Match History'!D:D)+SUMIF('Match History'!F:F,B14,'Match History'!H:H)+SUMIF('Match History'!J:J,B14,'Match History'!L:L)+SUMIF('Match History'!N:N,B14,'Match History'!P:P)+SUMIF('Match History'!R:R,B14,'Match History'!T:T)+SUMIF('Match History'!V:V,B14,'Match History'!X:X)+SUMIF('Match History'!Z:Z,B14,'Match History'!AB:AB)+SUMIF('Match History'!AD:AD,B14,'Match History'!AF:AF)+SUMIF('Match History'!AH:AH,B14,'Match History'!AJ:AJ)+SUMIF('Match History'!AL:AL,B14,'Match History'!AN:AN)+SUMIF('Match History'!AV:AV,B14,'Match History'!AX:AX)+SUMIF('Match History'!AZ:AZ,B14,'Match History'!BB:BB)+SUMIF('Match History'!BD:BD,B14,'Match History'!BF:BF)+SUMIF('Match History'!BH:BH,B14,'Match History'!BJ:BJ))/IF(F14=0,1,F14) -> 20.245421 | P14: {=MAX(MAX(IF('Match History'!B:B=B14,'Match History'!D:D,)),MAX(IF('Match History'!F:F=B14,'Match History'!H:H,)),MAX(IF('Match History'!J:J=B14,'Match History'!L:L,)),MAX(IF('Match History'!N:N=B14,'Match History'!P:P,)),MAX(IF('Match History'!R:R=B14,'Match History'!T:T,)),MAX(IF('Match History'!V:V=B14,'Match History'!X:X,)),MAX(IF('Match History'!Z:Z=B14,'Match History'!AB:AB,)),MAX(IF('Match History'!AD:AD=B14,'Match History'!AF:AF,)),MAX(IF('Match History'!AH:AH=B14,'Match History'!AJ:AJ,)),MAX(IF('Match History'!AL:AL=B14,'Match History'!AN:AN,)),MAX(IF('Match History'!AV:AV=B14,'Match History'!AX:AX,)),MAX(IF('Match History'!AZ:AZ=B14,'Match History'!BB:BB,)),MAX(IF('Match History'!BD:BD=B14,'Match History'!BF:BF,)),MAX(IF('Match History'!BH:BH=B14,'Match History'!BJ:BJ,)))} -> 60 | Q14: {=IF(F14=0,0,MIN(MIN(IF('Match History'!B:B=B14,'Match History'!D:D,999)),MIN(IF('Match History'!F:F=B14,'Match History'!H:H,999)),MIN(IF('Match History'!J:J=B14,'Match History'!L:L,999)),MIN(IF('Match History'!N:N=B14,'Match History'!P:P,999)),MIN(IF('Match History'!R:R=B14,'Match History'!T:T,999)),MIN(IF('Match History'!V:V=B14,'Match History'!X:X,999)),MIN(IF('Match History'!Z:Z=B14,'Match History'!AB:AB,999)),MIN(IF('Match History'!AD:AD=B14,'Match History'!AF:AF,999)),MIN(IF('Match History'!AH:AH=B14,'Match History'!AJ:AJ,999)),MIN(IF('Match History'!AL:AL=B14,'Match History'!AN:AN,999)),MIN(IF('Match History'!AV:AV=B14,'Match History'!AX:AX,999)),MIN(IF('Match History'!AZ:AZ=B14,'Match History'!BB:BB,999)),MIN(IF('Match History'!BD:BD=B14,'Match History'!BF:BF,999)),MIN(IF('Match History'!BH:BH=B14,'Match History'!BJ:BJ,999))))} -> 2 | R14: =COUNTIFS('Match History'!B:B,B14,'Match History'!A:A,">="&(DATE(2022,12,31)-30))+COUNTIFS('Match History'!F:F,B14,'Match History'!A:A,">="&(DATE(2022,12,31)-30))+COUNTIFS('Match History'!J:J,B14,'Match History'!A:A,">="&(DATE(2022,12,31)-30))+COUNTIFS('Match History'!N:N,B14,'Match History'!A:A,">="&(DATE(2022,12,31)-30))+COUNTIFS('Match History'!R:R,B14,'Match History'!A:A,">="&(DATE(2022,12,31)-30))+COUNTIFS('Match History'!V:V,B14,'Match History'!A:A,">="&(DATE(2022,12,31)-30))+COUNTIFS('Match History'!Z:Z,B14,'Match History'!A:A,">="&(DATE(2022,12,31)-30))+COUNTIFS('Match History'!AD:AD,B14,'Match History'!A:A,">="&(DATE(2022,12,31)-30))+COUNTIFS('Match History'!AH:AH,B14,'Match History'!A:A,">="&(DATE(2022,12,31)-30))+COUNTIFS('Match History'!AL:AL,B14,'Match History'!A:A,">="&(DATE(2022,12,31)-30))+COUNTIFS('Match History'!AV:AV,B14,'Match History'!A:A,">="&(DATE(2022,12,31)-30))+COUNTIFS('Match History'!AZ:AZ,B14,'Match History'!A:A,">="&(DATE(2022,12,31)-30))+COUNTIFS('Match History'!BD:BD,B14,'Match History'!A:A,">="&(DATE(2022,12,31)-30))+COUNTIFS('Match History'!BH:BH,B14,'Match History'!A:A,">="&(DATE(2022,12,31)-30)) -> 25 | S14: =COUNTIFS('Match History'!B:B,B14,'Match History'!A:A,">="&(DATE(2022,12,31)-365))+COUNTIFS('Match History'!F:F,B14,'Match History'!A:A,">="&(DATE(2022,12,31)-365))+COUNTIFS('Match History'!J:J,B14,'Match History'!A:A,">="&(DATE(2022,12,31)-365))+COUNTIFS('Match History'!N:N,B14,'Match History'!A:A,">="&(DATE(2022,12,31)-365))+COUNTIFS('Match History'!R:R,B14,'Match History'!A:A,">="&(DATE(2022,12,31)-365))+COUNTIFS('Match History'!V:V,B14,'Match History'!A:A,">="&(DATE(2022,12,31)-365))+COUNTIFS('Match History'!Z:Z,B14,'Match History'!A:A,">="&(DATE(2022,12,31)-365))+COUNTIFS('Match History'!AD:AD,B14,'Match History'!A:A,">="&(DATE(2022,12,31)-365))+COUNTIFS('Match History'!AH:AH,B14,'Match History'!A:A,">="&(DATE(2022,12,31)-365))+COUNTIFS('Match History'!AL:AL,B14,'Match History'!A:A,">="&(DATE(2022,12,31)-365))+COUNTIFS('Match History'!AV:AV,B14,'Match History'!A:A,">="&(DATE(2022,12,31)-365))+COUNTIFS('Match History'!AZ:AZ,B14,'Match History'!A:A,">="&(DATE(2022,12,31)-365))+COUNTIFS('Match History'!BD:BD,B14,'Match History'!A:A,">="&(DATE(2022,12,31)-365))+COUNTIFS('Match History'!BH:BH,B14,'Match History'!A:A,">="&(DATE(2022,12,31)-365)) -> 184 | T14: {=IF(F14=0,0,INDEX('Match History'!B:BK,MATCH(N14,'Match History'!A:A,0),MATCH(B14,INDEX('Match History'!B:BK,MATCH(N14,'Match History'!A:A,0),0),0)+3)-INDEX('Match History'!B:BK,MATCH(N14,'Match History'!A:A,0),MATCH(B14,INDEX('Match History'!B:BK,MATCH(N14,'Match History'!A:A,0),0),0)+1))} -> -3.6475075 | U14: =COUNTIFS('Match History'!B:B,B14,'Match History'!A:A,">="&(DATE(2022,12,31)-92)) +COUNTIFS('Match History'!F:F,B14,'Match History'!A:A,">="&(DATE(2022,12,31)-92)) +COUNTIFS('Match History'!J:J,B14,'Match History'!A:A,">="&(DATE(2022,12,31)-92)) +COUNTIFS('Match History'!N:N,B14,'Match History'!A:A,">="&(DATE(2022,12,31)-92)) +COUNTIFS('Match History'!R:R,B14,'Match History'!A:A,">="&(DATE(2022,12,31)-92)) +COUNTIFS('Match History'!V:V,B14,'Match History'!A:A,">="&(DATE(2022,12,31)-92)) +COUNTIFS('Match History'!Z:Z,B14,'Match History'!A:A,">="&(DATE(2022,12,31)-92)) +COUNTIFS('Match History'!AD:AD,B14,'Match History'!A:A,">="&(DATE(2022,12,31)-92)) +COUNTIFS('Match History'!AH:AH,B14,'Match History'!A:A,">="&(DATE(2022,12,31)-92)) +COUNTIFS('Match History'!AL:AL,B14,'Match History'!A:A,">="&(DATE(2022,12,31)-92)) +COUNTIFS('Match History'!AV:AV,B14,'Match History'!A:A,">="&(DATE(2022,12,31)-92)) +COUNTIFS('Match History'!AZ:AZ,B14,'Match History'!A:A,">="&(DATE(2022,12,31)-92)) +COUNTIFS('Match History'!BD:BD,B14,'Match History'!A:A,">="&(DATE(2022,12,31)-92)) +COUNTIFS('Match History'!BH:BH,B14,'Match History'!A:A,">="&(DATE(2022,12,31)-92)) -> 39 | V14: =IF(U14=0,0,(SUMIFS('Match History'!D:D,'Match History'!A:A,">=10/01/2022 00:00",'Match History'!A:A,"<=12/31/2022 23:59",'Match History'!B:B,B14) +SUMIFS('Match History'!H:H,'Match History'!A:A,">=10/01/2022 00:00",'Match History'!A:A,"<=12/31/2022 23:59",'Match History'!F:F,B14) +SUMIFS('Match History'!L:L,'Match History'!A:A,">=10/01/2022 00:00",'Match History'!A:A,"<=12/31/2022 23:59",'Match History'!J:J,B14) +SUMIFS('Match History'!P:P,'Match History'!A:A,">=10/01/2022 00:00",'Match History'!A:A,"<=12/31/2022 23:59",'Match History'!N:N,B14) +SUMIFS('Match History'!T:T,'Match History'!A:A,">=10/01/2022 00:00",'Match History'!A:A,"<=12/31/2022 23:59",'Match History'!R:R,B14) +SUMIFS('Match History'!X:X,'Match History'!A:A,">=10/01/2022 00:00",'Match History'!A:A,"<=12/31/2022 23:59",'Match History'!V:V,B14) +SUMIFS('Match History'!AB:AB,'Match History'!A:A,">=10/01/2022 00:00",'Match History'!A:A,"<=12/31/2022 23:59",'Match History'!Z:Z,B14) +SUMIFS('Match History'!AF:AF,'Match History'!A:A,">=10/01/2022 00:00",'Match History'!A:A,"<=12/31/2022 23:59",'Match History'!AD:AD,B14) +SUMIFS('Match History'!AJ:AJ,'Match History'!A:A,">=10/01/2022 00:00",'Match History'!A:A,"<=12/31/2022 23:59",'Match History'!AH:AH,B14) +SUMIFS('Match History'!AN:AN,'Match History'!A:A,">=10/01/2022 00:00",'Match History'!A:A,"<=12/31/2022 23:59",'Match History'!AL:AL,B14) +SUMIFS('Match History'!AX:AX,'Match History'!A:A,">=10/01/2022 00:00",'Match History'!A:A,"<=12/31/2022 23:59",'Match History'!AV:AV,B14)+SUMIFS('Match History'!BB:BB,'Match History'!A:A,">=10/01/2022 00:00",'Match History'!A:A,"<=12/31/2022 23:59",'Match History'!AZ:AZ,B14) +SUMIFS('Match History'!BF:BF,'Match History'!A:A,">=10/01/2022 00:00",'Match History'!A:A,"<=12/31/2022 23:59",'Match History'!BD:BD,B14) +SUMIFS('Match History'!BJ:BJ,'Match History'!A:A,">=10/01/2022 00:00",'Match History'!A:A,"<=12/31/2022 23:59",'Match History'!BH:BH,B14))/U14) -> 20.153846
A15: Sir HaGi | B15: Sir-hagi | C15: 1008.3515 | D15: =NORMDIST(C15,1000,STDEV(Players!$C$2:$C$39)+0.00001,TRUE) -> 0.54027432 | F15: =COUNTIF('Match History'!A:BK,"Sir-hagi") -> 3 | G15: UK | L15: =AND($N15<>"no war", $N15>=DATE(2022, 12, 31)-30, $M15<>TRUE) -> TRUE | M15: FALSE | N15: {=IF(F15=0, "no war", INDEX('Match History'!A:A, MAX(MAX(('Match History'!B:B=B15)*(ROW('Match History'!B:B))),MAX(('Match History'!F:F=B15)*(ROW('Match History'!F:F))),MAX(('Match History'!J:J=B15)*(ROW('Match History'!J:J))),MAX(('Match History'!N:N=B15)*(ROW('Match History'!N:N))),MAX(('Match History'!R:R=B15)*(ROW('Match History'!R:R))),MAX(('Match History'!V:V=B15)*(ROW('Match History'!V:V))),MAX(('Match History'!Z:Z=B15)*(ROW('Match History'!Z:Z))),MAX(('Match History'!AD:AD=B15)*(ROW('Match History'!AD:AD))),MAX(('Match History'!AH:AH=B15)*(ROW('Match History'!AH:AH))),MAX(('Match History'!AL:AL=B15)*(ROW('Match History'!AL:AL))),MAX(('Match History'!AV:AV=B15)*(ROW('Match History'!AV:AV))),MAX(('Match History'!AZ:AZ=B15)*(ROW('Match History'!AZ:AZ))),MAX(('Match History'!BD:BD=B15)*(ROW('Match History'!BD:BD))),MAX(('Match History'!BH:BH=B15)*(ROW('Match History'!BH:BH)))), 1))} -> 44926.825 | O15: =(SUMIF('Match History'!B:B,B15,'Match History'!D:D)+SUMIF('Match History'!F:F,B15,'Match History'!H:H)+SUMIF('Match History'!J:J,B15,'Match History'!L:L)+SUMIF('Match History'!N:N,B15,'Match History'!P:P)+SUMIF('Match History'!R:R,B15,'Match History'!T:T)+SUMIF('Match History'!V:V,B15,'Match History'!X:X)+SUMIF('Match History'!Z:Z,B15,'Match History'!AB:AB)+SUMIF('Match History'!AD:AD,B15,'Match History'!AF:AF)+SUMIF('Match History'!AH:AH,B15,'Match History'!AJ:AJ)+SUMIF('Match History'!AL:AL,B15,'Match History'!AN:AN)+SUMIF('Match History'!AV:AV,B15,'Match History'!AX:AX)+SUMIF('Match History'!AZ:AZ,B15,'Match History'!BB:BB)+SUMIF('Match History'!BD:BD,B15,'Match History'!BF:BF)+SUMIF('Match History'!BH:BH,B15,'Match History'!BJ:BJ))/IF(F15=0,1,F15) -> 19.333333 | P15: {=MAX(MAX(IF('Match History'!B:B=B15,'Match History'!D:D,)),MAX(IF('Match History'!F:F=B15,'Match History'!H:H,)),MAX(IF('Match History'!J:J=B15,'Match History'!L:L,)),MAX(IF('Match History'!N:N=B15,'Match History'!P:P,)),MAX(IF('Match History'!R:R=B15,'Match History'!T:T,)),MAX(IF('Match History'!V:V=B15,'Match History'!X:X,)),MAX(IF('Match History'!Z:Z=B15,'Match History'!AB:AB,)),MAX(IF('Match History'!AD:AD=B15,'Match History'!AF:AF,)),MAX(IF('Match History'!AH:AH=B15,'Match History'!AJ:AJ,)),MAX(IF('Match History'!AL:AL=B15,'Match History'!AN:AN,)),MAX(IF('Match History'!AV:AV=B15,'Match History'!AX:AX,)),MAX(IF('Match History'!AZ:AZ=B15,'Match History'!BB:BB,)),MAX(IF('Match History'!BD:BD=B15,'Match History'!BF:BF,)),MAX(IF('Match History'!BH:BH=B15,'Match History'!BJ:BJ,)))} -> 24 | Q15: {=IF(F15=0,0,MIN(MIN(IF('Match History'!B:B=B15,'Match History'!D:D,999)),MIN(IF('Match History'!F:F=B15,'Match History'!H:H,999)),MIN(IF('Match History'!J:J=B15,'Match History'!L:L,999)),MIN(IF('Match History'!N:N=B15,'Match History'!P:P,999)),MIN(IF('Match History'!R:R=B15,'Match History'!T:T,999)),MIN(IF('Match History'!V:V=B15,'Match History'!X:X,999)),MIN(IF('Match History'!Z:Z=B15,'Match History'!AB:AB,999)),MIN(IF('Match History'!AD:AD=B15,'Match History'!AF:AF,999)),MIN(IF('Match History'!AH:AH=B15,'Match History'!AJ:AJ,999)),MIN(IF('Match History'!AL:AL=B15,'Match History'!AN:AN,999)),MIN(IF('Match History'!AV:AV=B15,'Match History'!AX:AX,999)),MIN(IF('Match History'!AZ:AZ=B15,'Match History'!BB:BB,999)),MIN(IF('Match History'!BD:BD=B15,'Match History'!BF:BF,999)),MIN(IF('Match History'!BH:BH=B15,'Match History'!BJ:BJ,999))))} -> 17 | R15: =COUNTIFS('Match History'!B:B,B15,'Match History'!A:A,">="&(DATE(2022,12,31)-30))+COUNTIFS('Match History'!F:F,B15,'Match History'!A:A,">="&(DATE(2022,12,31)-30))+COUNTIFS('Match History'!J:J,B15,'Match History'!A:A,">="&(DATE(2022,12,31)-30))+COUNTIFS('Match History'!N:N,B15,'Match History'!A:A,">="&(DATE(2022,12,31)-30))+COUNTIFS('Match History'!R:R,B15,'Match History'!A:A,">="&(DATE(2022,12,31)-30))+COUNTIFS('Match History'!V:V,B15,'Match History'!A:A,">="&(DATE(2022,12,31)-30))+COUNTIFS('Match History'!Z:Z,B15,'Match History'!A:A,">="&(DATE(2022,12,31)-30))+COUNTIFS('Match History'!AD:AD,B15,'Match History'!A:A,">="&(DATE(2022,12,31)-30))+COUNTIFS('Match History'!AH:AH,B15,'Match History'!A:A,">="&(DATE(2022,12,31)-30))+COUNTIFS('Match History'!AL:AL,B15,'Match History'!A:A,">="&(DATE(2022,12,31)-30))+COUNTIFS('Match History'!AV:AV,B15,'Match History'!A:A,">="&(DATE(2022,12,31)-30))+COUNTIFS('Match History'!AZ:AZ,B15,'Match History'!A:A,">="&(DATE(2022,12,31)-30))+COUNTIFS('Match History'!BD:BD,B15,'Match History'!A:A,">="&(DATE(2022,12,31)-30))+COUNTIFS('Match History'!BH:BH,B15,'Match History'!A:A,">="&(DATE(2022,12,31)-30)) -> 3 | S15: =COUNTIFS('Match History'!B:B,B15,'Match History'!A:A,">="&(DATE(2022,12,31)-365))+COUNTIFS('Match History'!F:F,B15,'Match History'!A:A,">="&(DATE(2022,12,31)-365))+COUNTIFS('Match History'!J:J,B15,'Match History'!A:A,">="&(DATE(2022,12,31)-365))+COUNTIFS('Match History'!N:N,B15,'Match History'!A:A,">="&(DATE(2022,12,31)-365))+COUNTIFS('Match History'!R:R,B15,'Match History'!A:A,">="&(DATE(2022,12,31)-365))+COUNTIFS('Match History'!V:V,B15,'Match History'!A:A,">="&(DATE(2022,12,31)-365))+COUNTIFS('Match History'!Z:Z,B15,'Match History'!A:A,">="&(DATE(2022,12,31)-365))+COUNTIFS('Match History'!AD:AD,B15,'Match History'!A:A,">="&(DATE(2022,12,31)-365))+COUNTIFS('Match History'!AH:AH,B15,'Match History'!A:A,">="&(DATE(2022,12,31)-365))+COUNTIFS('Match History'!AL:AL,B15,'Match History'!A:A,">="&(DATE(2022,12,31)-365))+COUNTIFS('Match History'!AV:AV,B15,'Match History'!A:A,">="&(DATE(2022,12,31)-365))+COUNTIFS('Match History'!AZ:AZ,B15,'Match History'!A:A,">="&(DATE(2022,12,31)-365))+COUNTIFS('Match History'!BD:BD,B15,'Match History'!A:A,">="&(DATE(2022,12,31)-365))+COUNTIFS('Match History'!BH:BH,B15,'Match History'!A:A,">="&(DATE(2022,12,31)-365)) -> 3 | T15: {=IF(F15=0,0,INDEX('Match History'!B:BK,MATCH(N15,'Match History'!A:A,0),MATCH(B15,INDEX('Match History'!B:BK,MATCH(N15,'Match History'!A:A,0),0),0)+3)-INDEX('Match History'!B:BK,MATCH(N15,'Match History'!A:A,0),MATCH(B15,INDEX('Match History'!B:BK,MATCH(N15,'Match History'!A:A,0),0),0)+1))} -> 0.70446848 | U15: =COUNTIFS('Match History'!B:B,B15,'Match History'!A:A,">="&(DATE(2022,12,31)-92)) +COUNTIFS('Match History'!F:F,B15,'Match History'!A:A,">="&(DATE(2022,12,31)-92)) +COUNTIFS('Match History'!J:J,B15,'Match History'!A:A,">="&(DATE(2022,12,31)-92)) +COUNTIFS('Match History'!N:N,B15,'Match History'!A:A,">="&(DATE(2022,12,31)-92)) +COUNTIFS('Match History'!R:R,B15,'Match History'!A:A,">="&(DATE(2022,12,31)-92)) +COUNTIFS('Match History'!V:V,B15,'Match History'!A:A,">="&(DATE(2022,12,31)-92)) +COUNTIFS('Match History'!Z:Z,B15,'Match History'!A:A,">="&(DATE(2022,12,31)-92)) +COUNTIFS('Match History'!AD:AD,B15,'Match History'!A:A,">="&(DATE(2022,12,31)-92)) +COUNTIFS('Match History'!AH:AH,B15,'Match History'!A:A,">="&(DATE(2022,12,31)-92)) +COUNTIFS('Match History'!AL:AL,B15,'Match History'!A:A,">="&(DATE(2022,12,31)-92)) +COUNTIFS('Match History'!AV:AV,B15,'Match History'!A:A,">="&(DATE(2022,12,31)-92)) +COUNTIFS('Match History'!AZ:AZ,B15,'Match History'!A:A,">="&(DATE(2022,12,31)-92)) +COUNTIFS('Match History'!BD:BD,B15,'Match History'!A:A,">="&(DATE(2022,12,31)-92)) +COUNTIFS('Match History'!BH:BH,B15,'Match History'!A:A,">="&(DATE(2022,12,31)-92)) -> 3 | V15: =IF(U15=0,0,(SUMIFS('Match History'!D:D,'Match History'!A:A,">=10/01/2022 00:00",'Match History'!A:A,"<=12/31/2022 23:59",'Match History'!B:B,B15) +SUMIFS('Match History'!H:H,'Match History'!A:A,">=10/01/2022 00:00",'Match History'!A:A,"<=12/31/2022 23:59",'Match History'!F:F,B15) +SUMIFS('Match History'!L:L,'Match History'!A:A,">=10/01/2022 00:00",'Match History'!A:A,"<=12/31/2022 23:59",'Match History'!J:J,B15) +SUMIFS('Match History'!P:P,'Match History'!A:A,">=10/01/2022 00:00",'Match History'!A:A,"<=12/31/2022 23:59",'Match History'!N:N,B15) +SUMIFS('Match History'!T:T,'Match History'!A:A,">=10/01/2022 00:00",'Match History'!A:A,"<=12/31/2022 23:59",'Match History'!R:R,B15) +SUMIFS('Match History'!X:X,'Match History'!A:A,">=10/01/2022 00:00",'Match History'!A:A,"<=12/31/2022 23:59",'Match History'!V:V,B15) +SUMIFS('Match History'!AB:AB,'Match History'!A:A,">=10/01/2022 00:00",'Match History'!A:A,"<=12/31/2022 23:59",'Match History'!Z:Z,B15) +SUMIFS('Match History'!AF:AF,'Match History'!A:A,">=10/01/2022 00:00",'Match History'!A:A,"<=12/31/2022 23:59",'Match History'!AD:AD,B15) +SUMIFS('Match History'!AJ:AJ,'Match History'!A:A,">=10/01/2022 00:00",'Match History'!A:A,"<=12/31/2022 23:59",'Match History'!AH:AH,B15) +SUMIFS('Match History'!AN:AN,'Match History'!A:A,">=10/01/2022 00:00",'Match History'!A:A,"<=12/31/2022 23:59",'Match History'!AL:AL,B15) +SUMIFS('Match History'!AX:AX,'Match History'!A:A,">=10/01/2022 00:00",'Match History'!A:A,"<=12/31/2022 23:59",'Match History'!AV:AV,B15)+SUMIFS('Match History'!BB:BB,'Match History'!A:A,">=10/01/2022 00:00",'Match History'!A:A,"<=12/31/2022 23:59",'Match History'!AZ:AZ,B15) +SUMIFS('Match History'!BF:BF,'Match History'!A:A,">=10/01/2022 00:00",'Match History'!A:A,"<=12/31/2022 23:59",'Match History'!BD:BD,B15) +SUMIFS('Match History'!BJ:BJ,'Match History'!A:A,">=10/01/2022 00:00",'Match History'!A:A,"<=12/31/2022 23:59",'Match History'!BH:BH,B15))/U15) -> 19.333333
A16: Tommeh | B16: Tommeh | C16: 1004.7249 | D16: =NORMDIST(C16,1000,STDEV(Players!$C$2:$C$38)+0.00001,TRUE) -> 0.52290146 | F16: 1 | G16: UK | L16: =AND($N16<>"no war", $N16>=DATE(2022, 12, 31)-30, $M16<>TRUE) -> TRUE | M16: FALSE | N16: {=IF(F16=0, "no war", INDEX('Match History'!A:A, MAX(MAX(('Match History'!B:B=B16)*(ROW('Match History'!B:B))),MAX(('Match History'!F:F=B16)*(ROW('Match History'!F:F))),MAX(('Match History'!J:J=B16)*(ROW('Match History'!J:J))),MAX(('Match History'!N:N=B16)*(ROW('Match History'!N:N))),MAX(('Match History'!R:R=B16)*(ROW('Match History'!R:R))),MAX(('Match History'!V:V=B16)*(ROW('Match History'!V:V))),MAX(('Match History'!Z:Z=B16)*(ROW('Match History'!Z:Z))),MAX(('Match History'!AD:AD=B16)*(ROW('Match History'!AD:AD))),MAX(('Match History'!AH:AH=B16)*(ROW('Match History'!AH:AH))),MAX(('Match History'!AL:AL=B16)*(ROW('Match History'!AL:AL))),MAX(('Match History'!AV:AV=B16)*(ROW('Match History'!AV:AV))),MAX(('Match History'!AZ:AZ=B16)*(ROW('Match History'!AZ:AZ))),MAX(('Match History'!BD:BD=B16)*(ROW('Match History'!BD:BD))),MAX(('Match History'!BH:BH=B16)*(ROW('Match History'!BH:BH)))), 1))} -> 44926.825 | O16: =(SUMIF('Match History'!B:B,B16,'Match History'!D:D)+SUMIF('Match History'!F:F,B16,'Match History'!H:H)+SUMIF('Match History'!J:J,B16,'Match History'!L:L)+SUMIF('Match History'!N:N,B16,'Match History'!P:P)+SUMIF('Match History'!R:R,B16,'Match History'!T:T)+SUMIF('Match History'!V:V,B16,'Match History'!X:X)+SUMIF('Match History'!Z:Z,B16,'Match History'!AB:AB)+SUMIF('Match History'!AD:AD,B16,'Match History'!AF:AF)+SUMIF('Match History'!AH:AH,B16,'Match History'!AJ:AJ)+SUMIF('Match History'!AL:AL,B16,'Match History'!AN:AN)+SUMIF('Match History'!AV:AV,B16,'Match History'!AX:AX)+SUMIF('Match History'!AZ:AZ,B16,'Match History'!BB:BB)+SUMIF('Match History'!BD:BD,B16,'Match History'!BF:BF)+SUMIF('Match History'!BH:BH,B16,'Match History'!BJ:BJ))/IF(F16=0,1,F16) -> 47 | P16: {=MAX(MAX(IF('Match History'!B:B=B16,'Match History'!D:D,)),MAX(IF('Match History'!F:F=B16,'Match History'!H:H,)),MAX(IF('Match History'!J:J=B16,'Match History'!L:L,)),MAX(IF('Match History'!N:N=B16,'Match History'!P:P,)),MAX(IF('Match History'!R:R=B16,'Match History'!T:T,)),MAX(IF('Match History'!V:V=B16,'Match History'!X:X,)),MAX(IF('Match History'!Z:Z=B16,'Match History'!AB:AB,)),MAX(IF('Match History'!AD:AD=B16,'Match History'!AF:AF,)),MAX(IF('Match History'!AH:AH=B16,'Match History'!AJ:AJ,)),MAX(IF('Match History'!AL:AL=B16,'Match History'!AN:AN,)),MAX(IF('Match History'!AV:AV=B16,'Match History'!AX:AX,)),MAX(IF('Match History'!AZ:AZ=B16,'Match History'!BB:BB,)),MAX(IF('Match History'!BD:BD=B16,'Match History'!BF:BF,)),MAX(IF('Match History'!BH:BH=B16,'Match History'!BJ:BJ,)))} -> 27 | Q16: {=IF(F16=0,0,MIN(MIN(IF('Match History'!B:B=B16,'Match History'!D:D,999)),MIN(IF('Match History'!F:F=B16,'Match History'!H:H,999)),MIN(IF('Match History'!J:J=B16,'Match History'!L:L,999)),MIN(IF('Match History'!N:N=B16,'Match History'!P:P,999)),MIN(IF('Match History'!R:R=B16,'Match History'!T:T,999)),MIN(IF('Match History'!V:V=B16,'Match History'!X:X,999)),MIN(IF('Match History'!Z:Z=B16,'Match History'!AB:AB,999)),MIN(IF('Match History'!AD:AD=B16,'Match History'!AF:AF,999)),MIN(IF('Match History'!AH:AH=B16,'Match History'!AJ:AJ,999)),MIN(IF('Match History'!AL:AL=B16,'Match History'!AN:AN,999)),MIN(IF('Match History'!AV:AV=B16,'Match History'!AX:AX,999)),MIN(IF('Match History'!AZ:AZ=B16,'Match History'!BB:BB,999)),MIN(IF('Match History'!BD:BD=B16,'Match History'!BF:BF,999)),MIN(IF('Match History'!BH:BH=B16,'Match History'!BJ:BJ,999))))} -> 20 | R16: =COUNTIFS('Match History'!B:B,B16,'Match History'!A:A,">="&(DATE(2022,12,31)-30))+COUNTIFS('Match History'!F:F,B16,'Match History'!A:A,">="&(DATE(2022,12,31)-30))+COUNTIFS('Match History'!J:J,B16,'Match History'!A:A,">="&(DATE(2022,12,31)-30))+COUNTIFS('Match History'!N:N,B16,'Match History'!A:A,">="&(DATE(2022,12,31)-30))+COUNTIFS('Match History'!R:R,B16,'Match History'!A:A,">="&(DATE(2022,12,31)-30))+COUNTIFS('Match History'!V:V,B16,'Match History'!A:A,">="&(DATE(2022,12,31)-30))+COUNTIFS('Match History'!Z:Z,B16,'Match History'!A:A,">="&(DATE(2022,12,31)-30))+COUNTIFS('Match History'!AD:AD,B16,'Match History'!A:A,">="&(DATE(2022,12,31)-30))+COUNTIFS('Match History'!AH:AH,B16,'Match History'!A:A,">="&(DATE(2022,12,31)-30))+COUNTIFS('Match History'!AL:AL,B16,'Match History'!A:A,">="&(DATE(2022,12,31)-30))+COUNTIFS('Match History'!AV:AV,B16,'Match History'!A:A,">="&(DATE(2022,12,31)-30))+COUNTIFS('Match History'!AZ:AZ,B16,'Match History'!A:A,">="&(DATE(2022,12,31)-30))+COUNTIFS('Match History'!BD:BD,B16,'Match History'!A:A,">="&(DATE(2022,12,31)-30))+COUNTIFS('Match History'!BH:BH,B16,'Match History'!A:A,">="&(DATE(2022,12,31)-30)) -> 2 | S16: =COUNTIFS('Match History'!B:B,B16,'Match History'!A:A,">="&(DATE(2022,12,31)-365))+COUNTIFS('Match History'!F:F,B16,'Match History'!A:A,">="&(DATE(2022,12,31)-365))+COUNTIFS('Match History'!J:J,B16,'Match History'!A:A,">="&(DATE(2022,12,31)-365))+COUNTIFS('Match History'!N:N,B16,'Match History'!A:A,">="&(DATE(2022,12,31)-365))+COUNTIFS('Match History'!R:R,B16,'Match History'!A:A,">="&(DATE(2022,12,31)-365))+COUNTIFS('Match History'!V:V,B16,'Match History'!A:A,">="&(DATE(2022,12,31)-365))+COUNTIFS('Match History'!Z:Z,B16,'Match History'!A:A,">="&(DATE(2022,12,31)-365))+COUNTIFS('Match History'!AD:AD,B16,'Match History'!A:A,">="&(DATE(2022,12,31)-365))+COUNTIFS('Match History'!AH:AH,B16,'Match History'!A:A,">="&(DATE(2022,12,31)-365))+COUNTIFS('Match History'!AL:AL,B16,'Match History'!A:A,">="&(DATE(2022,12,31)-365))+COUNTIFS('Match History'!AV:AV,B16,'Match History'!A:A,">="&(DATE(2022,12,31)-365))+COUNTIFS('Match History'!AZ:AZ,B16,'Match History'!A:A,">="&(DATE(2022,12,31)-365))+COUNTIFS('Match History'!BD:BD,B16,'Match History'!A:A,">="&(DATE(2022,12,31)-365))+COUNTIFS('Match History'!BH:BH,B16,'Match History'!A:A,">="&(DATE(2022,12,31)-365)) -> 2 | T16: {=IF(F16=0,0,INDEX('Match History'!B:BK,MATCH(N16,'Match History'!A:A,0),MATCH(B16,INDEX('Match History'!B:BK,MATCH(N16,'Match History'!A:A,0),0),0)+3)-INDEX('Match History'!B:BK,MATCH(N16,'Match History'!A:A,0),MATCH(B16,INDEX('Match History'!B:BK,MATCH(N16,'Match History'!A:A,0),0),0)+1))} -> 0.95721629 | U16: =COUNTIFS('Match History'!B:B,B16,'Match History'!A:A,">="&(DATE(2022,12,31)-92)) +COUNTIFS('Match History'!F:F,B16,'Match History'!A:A,">="&(DATE(2022,12,31)-92)) +COUNTIFS('Match History'!J:J,B16,'Match History'!A:A,">="&(DATE(2022,12,31)-92)) +COUNTIFS('Match History'!N:N,B16,'Match History'!A:A,">="&(DATE(2022,12,31)-92)) +COUNTIFS('Match History'!R:R,B16,'Match History'!A:A,">="&(DATE(2022,12,31)-92)) +COUNTIFS('Match History'!V:V,B16,'Match History'!A:A,">="&(DATE(2022,12,31)-92)) +COUNTIFS('Match History'!Z:Z,B16,'Match History'!A:A,">="&(DATE(2022,12,31)-92)) +COUNTIFS('Match History'!AD:AD,B16,'Match History'!A:A,">="&(DATE(2022,12,31)-92)) +COUNTIFS('Match History'!AH:AH,B16,'Match History'!A:A,">="&(DATE(2022,12,31)-92)) +COUNTIFS('Match History'!AL:AL,B16,'Match History'!A:A,">="&(DATE(2022,12,31)-92)) +COUNTIFS('Match History'!AV:AV,B16,'Match History'!A:A,">="&(DATE(2022,12,31)-92)) +COUNTIFS('Match History'!AZ:AZ,B16,'Match History'!A:A,">="&(DATE(2022,12,31)-92)) +COUNTIFS('Match History'!BD:BD,B16,'Match History'!A:A,">="&(DATE(2022,12,31)-92)) +COUNTIFS('Match History'!BH:BH,B16,'Match History'!A:A,">="&(DATE(2022,12,31)-92)) -> 2 | V16: =IF(U16=0,0,(SUMIFS('Match History'!D:D,'Match History'!A:A,">=10/01/2022 00:00",'Match History'!A:A,"<=12/31/2022 23:59",'Match History'!B:B,B16) +SUMIFS('Match History'!H:H,'Match History'!A:A,">=10/01/2022 00:00",'Match History'!A:A,"<=12/31/2022 23:59",'Match History'!F:F,B16) +SUMIFS('Match History'!L:L,'Match History'!A:A,">=10/01/2022 00:00",'Match History'!A:A,"<=12/31/2022 23:59",'Match History'!J:J,B16) +SUMIFS('Match History'!P:P,'Match History'!A:A,">=10/01/2022 00:00",'Match History'!A:A,"<=12/31/2022 23:59",'Match History'!N:N,B16) +SUMIFS('Match History'!T:T,'Match History'!A:A,">=10/01/2022 00:00",'Match History'!A:A,"<=12/31/2022 23:59",'Match History'!R:R,B16) +SUMIFS('Match History'!X:X,'Match History'!A:A,">=10/01/2022 00:00",'Match History'!A:A,"<=12/31/2022 23:59",'Match History'!V:V,B16) +SUMIFS('Match History'!AB:AB,'Match History'!A:A,">=10/01/2022 00:00",'Match History'!A:A,"<=12/31/2022 23:59",'Match History'!Z:Z,B16) +SUMIFS('Match History'!AF:AF,'Match History'!A:A,">=10/01/2022 00:00",'Match History'!A:A,"<=12/31/2022 23:59",'Match History'!AD:AD,B16) +SUMIFS('Match History'!AJ:AJ,'Match History'!A:A,">=10/01/2022 00:00",'Match History'!A:A,"<=12/31/2022 23:59",'Match History'!AH:AH,B16) +SUMIFS('Match History'!AN:AN,'Match History'!A:A,">=10/01/2022 00:00",'Match History'!A:A,"<=12/31/2022 23:59",'Match History'!AL:AL,B16) +SUMIFS('Match History'!AX:AX,'Match History'!A:A,">=10/01/2022 00:00",'Match History'!A:A,"<=12/31/2022 23:59",'Match History'!AV:AV,B16)+SUMIFS('Match History'!BB:BB,'Match History'!A:A,">=10/01/2022 00:00",'Match History'!A:A,"<=12/31/2022 23:59",'Match History'!AZ:AZ,B16) +SUMIFS('Match History'!BF:BF,'Match History'!A:A,">=10/01/2022 00:00",'Match History'!A:A,"<=12/31/2022 23:59",'Match History'!BD:BD,B16) +SUMIFS('Match History'!BJ:BJ,'Match History'!A:A,">=10/01/2022 00:00",'Match History'!A:A,"<=12/31/2022 23:59",'Match History'!BH:BH,B16))/U16) -> 23.5
A17: cedj | B17: cedj | C17: 998.80178 | D17: =NORMDIST(C17,1000,STDEV(Players!$C$2:$C$38)+0.00001,TRUE) -> 0.49418925 | F17: 0 | G17: NL | L17: =AND($N17<>"no war", $N17>=DATE(2022, 12, 31)-30, $M17<>TRUE) -> FALSE | M17: FALSE | N17: {=IF(F17=0, "no war", INDEX('Match History'!A:A, MAX(MAX(('Match History'!B:B=B17)*(ROW('Match History'!B:B))),MAX(('Match History'!F:F=B17)*(ROW('Match History'!F:F))),MAX(('Match History'!J:J=B17)*(ROW('Match History'!J:J))),MAX(('Match History'!N:N=B17)*(ROW('Match History'!N:N))),MAX(('Match History'!R:R=B17)*(ROW('Match History'!R:R))),MAX(('Match History'!V:V=B17)*(ROW('Match History'!V:V))),MAX(('Match History'!Z:Z=B17)*(ROW('Match History'!Z:Z))),MAX(('Match History'!AD:AD=B17)*(ROW('Match History'!AD:AD))),MAX(('Match History'!AH:AH=B17)*(ROW('Match History'!AH:AH))),MAX(('Match History'!AL:AL=B17)*(ROW('Match History'!AL:AL))),MAX(('Match History'!AV:AV=B17)*(ROW('Match History'!AV:AV))),MAX(('Match History'!AZ:AZ=B17)*(ROW('Match History'!AZ:AZ))),MAX(('Match History'!BD:BD=B17)*(ROW('Match History'!BD:BD))),MAX(('Match History'!BH:BH=B17)*(ROW('Match History'!BH:BH)))), 1))} -> no war | O17: =(SUMIF('Match History'!B:B,B17,'Match History'!D:D)+SUMIF('Match History'!F:F,B17,'Match History'!H:H)+SUMIF('Match History'!J:J,B17,'Match History'!L:L)+SUMIF('Match History'!N:N,B17,'Match History'!P:P)+SUMIF('Match History'!R:R,B17,'Match History'!T:T)+SUMIF('Match History'!V:V,B17,'Match History'!X:X)+SUMIF('Match History'!Z:Z,B17,'Match History'!AB:AB)+SUMIF('Match History'!AD:AD,B17,'Match History'!AF:AF)+SUMIF('Match History'!AH:AH,B17,'Match History'!AJ:AJ)+SUMIF('Match History'!AL:AL,B17,'Match History'!AN:AN)+SUMIF('Match History'!AV:AV,B17,'Match History'!AX:AX)+SUMIF('Match History'!AZ:AZ,B17,'Match History'!BB:BB)+SUMIF('Match History'!BD:BD,B17,'Match History'!BF:BF)+SUMIF('Match History'!BH:BH,B17,'Match History'!BJ:BJ))/IF(F17=0,1,F17) -> 12 | P17: {=MAX(MAX(IF('Match History'!B:B=B17,'Match History'!D:D,)),MAX(IF('Match History'!F:F=B17,'Match History'!H:H,)),MAX(IF('Match History'!J:J=B17,'Match History'!L:L,)),MAX(IF('Match History'!N:N=B17,'Match History'!P:P,)),MAX(IF('Match History'!R:R=B17,'Match History'!T:T,)),MAX(IF('Match History'!V:V=B17,'Match History'!X:X,)),MAX(IF('Match History'!Z:Z=B17,'Match History'!AB:AB,)),MAX(IF('Match History'!AD:AD=B17,'Match History'!AF:AF,)),MAX(IF('Match History'!AH:AH=B17,'Match History'!AJ:AJ,)),MAX(IF('Match History'!AL:AL=B17,'Match History'!AN:AN,)),MAX(IF('Match History'!AV:AV=B17,'Match History'!AX:AX,)),MAX(IF('Match History'!AZ:AZ=B17,'Match History'!BB:BB,)),MAX(IF('Match History'!BD:BD=B17,'Match History'!BF:BF,)),MAX(IF('Match History'!BH:BH=B17,'Match History'!BJ:BJ,)))} -> 12 | Q17: {=IF(F17=0,0,MIN(MIN(IF('Match History'!B:B=B17,'Match History'!D:D,999)),MIN(IF('Match History'!F:F=B17,'Match History'!H:H,999)),MIN(IF('Match History'!J:J=B17,'Match History'!L:L,999)),MIN(IF('Match History'!N:N=B17,'Match History'!P:P,999)),MIN(IF('Match History'!R:R=B17,'Match History'!T:T,999)),MIN(IF('Match History'!V:V=B17,'Match History'!X:X,999)),MIN(IF('Match History'!Z:Z=B17,'Match History'!AB:AB,999)),MIN(IF('Match History'!AD:AD=B17,'Match History'!AF:AF,999)),MIN(IF('Match History'!AH:AH=B17,'Match History'!AJ:AJ,999)),MIN(IF('Match History'!AL:AL=B17,'Match History'!AN:AN,999)),MIN(IF('Match History'!AV:AV=B17,'Match History'!AX:AX,999)),MIN(IF('Match History'!AZ:AZ=B17,'Match History'!BB:BB,999)),MIN(IF('Match History'!BD:BD=B17,'Match History'!BF:BF,999)),MIN(IF('Match History'!BH:BH=B17,'Match History'!BJ:BJ,999))))} -> 0 | R17: =COUNTIFS('Match History'!B:B,B17,'Match History'!A:A,">="&(DATE(2022,12,31)-30))+COUNTIFS('Match History'!F:F,B17,'Match History'!A:A,">="&(DATE(2022,12,31)-30))+COUNTIFS('Match History'!J:J,B17,'Match History'!A:A,">="&(DATE(2022,12,31)-30))+COUNTIFS('Match History'!N:N,B17,'Match History'!A:A,">="&(DATE(2022,12,31)-30))+COUNTIFS('Match History'!R:R,B17,'Match History'!A:A,">="&(DATE(2022,12,31)-30))+COUNTIFS('Match History'!V:V,B17,'Match History'!A:A,">="&(DATE(2022,12,31)-30))+COUNTIFS('Match History'!Z:Z,B17,'Match History'!A:A,">="&(DATE(2022,12,31)-30))+COUNTIFS('Match History'!AD:AD,B17,'Match History'!A:A,">="&(DATE(2022,12,31)-30))+COUNTIFS('Match History'!AH:AH,B17,'Match History'!A:A,">="&(DATE(2022,12,31)-30))+COUNTIFS('Match History'!AL:AL,B17,'Match History'!A:A,">="&(DATE(2022,12,31)-30))+COUNTIFS('Match History'!AV:AV,B17,'Match History'!A:A,">="&(DATE(2022,12,31)-30))+COUNTIFS('Match History'!AZ:AZ,B17,'Match History'!A:A,">="&(DATE(2022,12,31)-30))+COUNTIFS('Match History'!BD:BD,B17,'Match History'!A:A,">="&(DATE(2022,12,31)-30))+COUNTIFS('Match History'!BH:BH,B17,'Match History'!A:A,">="&(DATE(2022,12,31)-30)) -> 1 | S17: =COUNTIFS('Match History'!B:B,B17,'Match History'!A:A,">="&(DATE(2022,12,31)-365))+COUNTIFS('Match History'!F:F,B17,'Match History'!A:A,">="&(DATE(2022,12,31)-365))+COUNTIFS('Match History'!J:J,B17,'Match History'!A:A,">="&(DATE(2022,12,31)-365))+COUNTIFS('Match History'!N:N,B17,'Match History'!A:A,">="&(DATE(2022,12,31)-365))+COUNTIFS('Match History'!R:R,B17,'Match History'!A:A,">="&(DATE(2022,12,31)-365))+COUNTIFS('Match History'!V:V,B17,'Match History'!A:A,">="&(DATE(2022,12,31)-365))+COUNTIFS('Match History'!Z:Z,B17,'Match History'!A:A,">="&(DATE(2022,12,31)-365))+COUNTIFS('Match History'!AD:AD,B17,'Match History'!A:A,">="&(DATE(2022,12,31)-365))+COUNTIFS('Match History'!AH:AH,B17,'Match History'!A:A,">="&(DATE(2022,12,31)-365))+COUNTIFS('Match History'!AL:AL,B17,'Match History'!A:A,">="&(DATE(2022,12,31)-365))+COUNTIFS('Match History'!AV:AV,B17,'Match History'!A:A,">="&(DATE(2022,12,31)-365))+COUNTIFS('Match History'!AZ:AZ,B17,'Match History'!A:A,">="&(DATE(2022,12,31)-365))+COUNTIFS('Match History'!BD:BD,B17,'Match History'!A:A,">="&(DATE(2022,12,31)-365))+COUNTIFS('Match History'!BH:BH,B17,'Match History'!A:A,">="&(DATE(2022,12,31)-365)) -> 1 | T17: {=IF(F17=0,0,INDEX('Match History'!B:BK,MATCH(N17,'Match History'!A:A,0),MATCH(B17,INDEX('Match History'!B:BK,MATCH(N17,'Match History'!A:A,0),0),0)+3)-INDEX('Match History'!B:BK,MATCH(N17,'Match History'!A:A,0),MATCH(B17,INDEX('Match History'!B:BK,MATCH(N17,'Match History'!A:A,0),0),0)+1))} -> 0 | U17: =COUNTIFS('Match History'!B:B,B17,'Match History'!A:A,">="&(DATE(2022,12,31)-92)) +COUNTIFS('Match History'!F:F,B17,'Match History'!A:A,">="&(DATE(2022,12,31)-92)) +COUNTIFS('Match History'!J:J,B17,'Match History'!A:A,">="&(DATE(2022,12,31)-92)) +COUNTIFS('Match History'!N:N,B17,'Match History'!A:A,">="&(DATE(2022,12,31)-92)) +COUNTIFS('Match History'!R:R,B17,'Match History'!A:A,">="&(DATE(2022,12,31)-92)) +COUNTIFS('Match History'!V:V,B17,'Match History'!A:A,">="&(DATE(2022,12,31)-92)) +COUNTIFS('Match History'!Z:Z,B17,'Match History'!A:A,">="&(DATE(2022,12,31)-92)) +COUNTIFS('Match History'!AD:AD,B17,'Match History'!A:A,">="&(DATE(2022,12,31)-92)) +COUNTIFS('Match History'!AH:AH,B17,'Match History'!A:A,">="&(DATE(2022,12,31)-92)) +COUNTIFS('Match History'!AL:AL,B17,'Match History'!A:A,">="&(DATE(2022,12,31)-92)) +COUNTIFS('Match History'!AV:AV,B17,'Match History'!A:A,">="&(DATE(2022,12,31)-92)) +COUNTIFS('Match History'!AZ:AZ,B17,'Match History'!A:A,">="&(DATE(2022,12,31)-92)) +COUNTIFS('Match History'!BD:BD,B17,'Match History'!A:A,">="&(DATE(2022,12,31)-92)) +COUNTIFS('Match History'!BH:BH,B17,'Match History'!A:A,">="&(DATE(2022,12,31)-92)) -> 1 | V17: =IF(U17=0,0,(SUMIFS('Match History'!D:D,'Match History'!A:A,">=10/01/2022 00:00",'Match History'!A:A,"<=12/31/2022 23:59",'Match History'!B:B,B17) +SUMIFS('Match History'!H:H,'Match History'!A:A,">=10/01/2022 00:00",'Match History'!A:A,"<=12/31/2022 23:59",'Match History'!F:F,B17) +SUMIFS('Match History'!L:L,'Match History'!A:A,">=10/01/2022 00:00",'Match History'!A:A,"<=12/31/2022 23:59",'Match History'!J:J,B17) +SUMIFS('Match History'!P:P,'Match History'!A:A,">=10/01/2022 00:00",'Match History'!A:A,"<=12/31/2022 23:59",'Match History'!N:N,B17) +SUMIFS('Match History'!T:T,'Match History'!A:A,">=10/01/2022 00:00",'Match History'!A:A,"<=12/31/2022 23:59",'Match History'!R:R,B17) +SUMIFS('Match History'!X:X,'Match History'!A:A,">=10/01/2022 00:00",'Match History'!A:A,"<=12/31/2022 23:59",'Match History'!V:V,B17) +SUMIFS('Match History'!AB:AB,'Match History'!A:A,">=10/01/2022 00:00",'Match History'!A:A,"<=12/31/2022 23:59",'Match History'!Z:Z,B17) +SUMIFS('Match History'!AF:AF,'Match History'!A:A,">=10/01/2022 00:00",'Match History'!A:A,"<=12/31/2022 23:59",'Match History'!AD:AD,B17) +SUMIFS('Match History'!AJ:AJ,'Match History'!A:A,">=10/01/2022 00:00",'Match History'!A:A,"<=12/31/2022 23:59",'Match History'!AH:AH,B17) +SUMIFS('Match History'!AN:AN,'Match History'!A:A,">=10/01/2022 00:00",'Match History'!A:A,"<=12/31/2022 23:59",'Match History'!AL:AL,B17) +SUMIFS('Match History'!AX:AX,'Match History'!A:A,">=10/01/2022 00:00",'Match History'!A:A,"<=12/31/2022 23:59",'Match History'!AV:AV,B17)+SUMIFS('Match History'!BB:BB,'Match History'!A:A,">=10/01/2022 00:00",'Match History'!A:A,"<=12/31/2022 23:59",'Match History'!AZ:AZ,B17) +SUMIFS('Match History'!BF:BF,'Match History'!A:A,">=10/01/2022 00:00",'Match History'!A:A,"<=12/31/2022 23:59",'Match History'!BD:BD,B17) +SUMIFS('Match History'!BJ:BJ,'Match History'!A:A,">=10/01/2022 00:00",'Match History'!A:A,"<=12/31/2022 23:59",'Match History'!BH:BH,B17))/U17) -> 12
A18: graphY | B18: graphy | C18: 998.96844 | D18: =NORMDIST(C18,1000,STDEV(Players!$C$2:$C$37)+0.00001,TRUE) -> 0.49497899 | F18: 0 | G18: NL | L18: =AND($N18<>"no war", $N18>=DATE(2022, 12, 31)-30, $M18<>TRUE) -> FALSE | M18: FALSE | N18: {=IF(F18=0, "no war", INDEX('Match History'!A:A, MAX(MAX(('Match History'!B:B=B18)*(ROW('Match History'!B:B))),MAX(('Match History'!F:F=B18)*(ROW('Match History'!F:F))),MAX(('Match History'!J:J=B18)*(ROW('Match History'!J:J))),MAX(('Match History'!N:N=B18)*(ROW('Match History'!N:N))),MAX(('Match History'!R:R=B18)*(ROW('Match History'!R:R))),MAX(('Match History'!V:V=B18)*(ROW('Match History'!V:V))),MAX(('Match History'!Z:Z=B18)*(ROW('Match History'!Z:Z))),MAX(('Match History'!AD:AD=B18)*(ROW('Match History'!AD:AD))),MAX(('Match History'!AH:AH=B18)*(ROW('Match History'!AH:AH))),MAX(('Match History'!AL:AL=B18)*(ROW('Match History'!AL:AL))),MAX(('Match History'!AV:AV=B18)*(ROW('Match History'!AV:AV))),MAX(('Match History'!AZ:AZ=B18)*(ROW('Match History'!AZ:AZ))),MAX(('Match History'!BD:BD=B18)*(ROW('Match History'!BD:BD))),MAX(('Match History'!BH:BH=B18)*(ROW('Match History'!BH:BH)))), 1))} -> no war | O18: =(SUMIF('Match History'!B:B,B18,'Match History'!D:D)+SUMIF('Match History'!F:F,B18,'Match History'!H:H)+SUMIF('Match History'!J:J,B18,'Match History'!L:L)+SUMIF('Match History'!N:N,B18,'Match History'!P:P)+SUMIF('Match History'!R:R,B18,'Match History'!T:T)+SUMIF('Match History'!V:V,B18,'Match History'!X:X)+SUMIF('Match History'!Z:Z,B18,'Match History'!AB:AB)+SUMIF('Match History'!AD:AD,B18,'Match History'!AF:AF)+SUMIF('Match History'!AH:AH,B18,'Match History'!AJ:AJ)+SUMIF('Match History'!AL:AL,B18,'Match History'!AN:AN)+SUMIF('Match History'!AV:AV,B18,'Match History'!AX:AX)+SUMIF('Match History'!AZ:AZ,B18,'Match History'!BB:BB)+SUMIF('Match History'!BD:BD,B18,'Match History'!BF:BF)+SUMIF('Match History'!BH:BH,B18,'Match History'!BJ:BJ))/IF(F18=0,1,F18) -> 14 | P18: {=MAX(MAX(IF('Match History'!B:B=B18,'Match History'!D:D,)),MAX(IF('Match History'!F:F=B18,'Match History'!H:H,)),MAX(IF('Match History'!J:J=B18,'Match History'!L:L,)),MAX(IF('Match History'!N:N=B18,'Match History'!P:P,)),MAX(IF('Match History'!R:R=B18,'Match History'!T:T,)),MAX(IF('Match History'!V:V=B18,'Match History'!X:X,)),MAX(IF('Match History'!Z:Z=B18,'Match History'!AB:AB,)),MAX(IF('Match History'!AD:AD=B18,'Match History'!AF:AF,)),MAX(IF('Match History'!AH:AH=B18,'Match History'!AJ:AJ,)),MAX(IF('Match History'!AL:AL=B18,'Match History'!AN:AN,)),MAX(IF('Match History'!AV:AV=B18,'Match History'!AX:AX,)),MAX(IF('Match History'!AZ:AZ=B18,'Match History'!BB:BB,)),MAX(IF('Match History'!BD:BD=B18,'Match History'!BF:BF,)),MAX(IF('Match History'!BH:BH=B18,'Match History'!BJ:BJ,)))} -> 14 | Q18: {=IF(F18=0,0,MIN(MIN(IF('Match History'!B:B=B18,'Match History'!D:D,999)),MIN(IF('Match History'!F:F=B18,'Match History'!H:H,999)),MIN(IF('Match History'!J:J=B18,'Match History'!L:L,999)),MIN(IF('Match History'!N:N=B18,'Match History'!P:P,999)),MIN(IF('Match History'!R:R=B18,'Match History'!T:T,999)),MIN(IF('Match History'!V:V=B18,'Match History'!X:X,999)),MIN(IF('Match History'!Z:Z=B18,'Match History'!AB:AB,999)),MIN(IF('Match History'!AD:AD=B18,'Match History'!AF:AF,999)),MIN(IF('Match History'!AH:AH=B18,'Match History'!AJ:AJ,999)),MIN(IF('Match History'!AL:AL=B18,'Match History'!AN:AN,999)),MIN(IF('Match History'!AV:AV=B18,'Match History'!AX:AX,999)),MIN(IF('Match History'!AZ:AZ=B18,'Match History'!BB:BB,999)),MIN(IF('Match History'!BD:BD=B18,'Match History'!BF:BF,999)),MIN(IF('Match History'!BH:BH=B18,'Match History'!BJ:BJ,999))))} -> 0 | R18: =COUNTIFS('Match History'!B:B,B18,'Match History'!A:A,">="&(DATE(2022,12,31)-30))+COUNTIFS('Match History'!F:F,B18,'Match History'!A:A,">="&(DATE(2022,12,31)-30))+COUNTIFS('Match History'!J:J,B18,'Match History'!A:A,">="&(DATE(2022,12,31)-30))+COUNTIFS('Match History'!N:N,B18,'Match History'!A:A,">="&(DATE(2022,12,31)-30))+COUNTIFS('Match History'!R:R,B18,'Match History'!A:A,">="&(DATE(2022,12,31)-30))+COUNTIFS('Match History'!V:V,B18,'Match History'!A:A,">="&(DATE(2022,12,31)-30))+COUNTIFS('Match History'!Z:Z,B18,'Match History'!A:A,">="&(DATE(2022,12,31)-30))+COUNTIFS('Match History'!AD:AD,B18,'Match History'!A:A,">="&(DATE(2022,12,31)-30))+COUNTIFS('Match History'!AH:AH,B18,'Match History'!A:A,">="&(DATE(2022,12,31)-30))+COUNTIFS('Match History'!AL:AL,B18,'Match History'!A:A,">="&(DATE(2022,12,31)-30))+COUNTIFS('Match History'!AV:AV,B18,'Match History'!A:A,">="&(DATE(2022,12,31)-30))+COUNTIFS('Match History'!AZ:AZ,B18,'Match History'!A:A,">="&(DATE(2022,12,31)-30))+COUNTIFS('Match History'!BD:BD,B18,'Match History'!A:A,">="&(DATE(2022,12,31)-30))+COUNTIFS('Match History'!BH:BH,B18,'Match History'!A:A,">="&(DATE(2022,12,31)-30)) -> 1 | S18: =COUNTIFS('Match History'!B:B,B18,'Match History'!A:A,">="&(DATE(2022,12,31)-365))+COUNTIFS('Match History'!F:F,B18,'Match History'!A:A,">="&(DATE(2022,12,31)-365))+COUNTIFS('Match History'!J:J,B18,'Match History'!A:A,">="&(DATE(2022,12,31)-365))+COUNTIFS('Match History'!N:N,B18,'Match History'!A:A,">="&(DATE(2022,12,31)-365))+COUNTIFS('Match History'!R:R,B18,'Match History'!A:A,">="&(DATE(2022,12,31)-365))+COUNTIFS('Match History'!V:V,B18,'Match History'!A:A,">="&(DATE(2022,12,31)-365))+COUNTIFS('Match History'!Z:Z,B18,'Match History'!A:A,">="&(DATE(2022,12,31)-365))+COUNTIFS('Match History'!AD:AD,B18,'Match History'!A:A,">="&(DATE(2022,12,31)-365))+COUNTIFS('Match History'!AH:AH,B18,'Match History'!A:A,">="&(DATE(2022,12,31)-365))+COUNTIFS('Match History'!AL:AL,B18,'Match History'!A:A,">="&(DATE(2022,12,31)-365))+COUNTIFS('Match History'!AV:AV,B18,'Match History'!A:A,">="&(DATE(2022,12,31)-365))+COUNTIFS('Match History'!AZ:AZ,B18,'Match History'!A:A,">="&(DATE(2022,12,31)-365))+COUNTIFS('Match History'!BD:BD,B18,'Match History'!A:A,">="&(DATE(2022,12,31)-365))+COUNTIFS('Match History'!BH:BH,B18,'Match History'!A:A,">="&(DATE(2022,12,31)-365)) -> 1 | T18: {=IF(F18=0,0,INDEX('Match History'!B:BK,MATCH(N18,'Match History'!A:A,0),MATCH(B18,INDEX('Match History'!B:BK,MATCH(N18,'Match History'!A:A,0),0),0)+3)-INDEX('Match History'!B:BK,MATCH(N18,'Match History'!A:A,0),MATCH(B18,INDEX('Match History'!B:BK,MATCH(N18,'Match History'!A:A,0),0),0)+1))} -> 0 | U18: =COUNTIFS('Match History'!B:B,B18,'Match History'!A:A,">="&(DATE(2022,12,31)-92)) +COUNTIFS('Match History'!F:F,B18,'Match History'!A:A,">="&(DATE(2022,12,31)-92)) +COUNTIFS('Match History'!J:J,B18,'Match History'!A:A,">="&(DATE(2022,12,31)-92)) +COUNTIFS('Match History'!N:N,B18,'Match History'!A:A,">="&(DATE(2022,12,31)-92)) +COUNTIFS('Match History'!R:R,B18,'Match History'!A:A,">="&(DATE(2022,12,31)-92)) +COUNTIFS('Match History'!V:V,B18,'Match History'!A:A,">="&(DATE(2022,12,31)-92)) +COUNTIFS('Match History'!Z:Z,B18,'Match History'!A:A,">="&(DATE(2022,12,31)-92)) +COUNTIFS('Match History'!AD:AD,B18,'Match History'!A:A,">="&(DATE(2022,12,31)-92)) +COUNTIFS('Match History'!AH:AH,B18,'Match History'!A:A,">="&(DATE(2022,12,31)-92)) +COUNTIFS('Match History'!AL:AL,B18,'Match History'!A:A,">="&(DATE(2022,12,31)-92)) +COUNTIFS('Match History'!AV:AV,B18,'Match History'!A:A,">="&(DATE(2022,12,31)-92)) +COUNTIFS('Match History'!AZ:AZ,B18,'Match History'!A:A,">="&(DATE(2022,12,31)-92)) +COUNTIFS('Match History'!BD:BD,B18,'Match History'!A:A,">="&(DATE(2022,12,31)-92)) +COUNTIFS('Match History'!BH:BH,B18,'Match History'!A:A,">="&(DATE(2022,12,31)-92)) -> 1 | V18: =IF(U18=0,0,(SUMIFS('Match History'!D:D,'Match History'!A:A,">=10/01/2022 00:00",'Match History'!A:A,"<=12/31/2022 23:59",'Match History'!B:B,B18) +SUMIFS('Match History'!H:H,'Match History'!A:A,">=10/01/2022 00:00",'Match History'!A:A,"<=12/31/2022 23:59",'Match History'!F:F,B18) +SUMIFS('Match History'!L:L,'Match History'!A:A,">=10/01/2022 00:00",'Match History'!A:A,"<=12/31/2022 23:59",'Match History'!J:J,B18) +SUMIFS('Match History'!P:P,'Match History'!A:A,">=10/01/2022 00:00",'Match History'!A:A,"<=12/31/2022 23:59",'Match History'!N:N,B18) +SUMIFS('Match History'!T:T,'Match History'!A:A,">=10/01/2022 00:00",'Match History'!A:A,"<=12/31/2022 23:59",'Match History'!R:R,B18) +SUMIFS('Match History'!X:X,'Match History'!A:A,">=10/01/2022 00:00",'Match History'!A:A,"<=12/31/2022 23:59",'Match History'!V:V,B18) +SUMIFS('Match History'!AB:AB,'Match History'!A:A,">=10/01/2022 00:00",'Match History'!A:A,"<=12/31/2022 23:59",'Match History'!Z:Z,B18) +SUMIFS('Match History'!AF:AF,'Match History'!A:A,">=10/01/2022 00:00",'Match History'!A:A,"<=12/31/2022 23:59",'Match History'!AD:AD,B18) +SUMIFS('Match History'!AJ:AJ,'Match History'!A:A,">=10/01/2022 00:00",'Match History'!A:A,"<=12/31/2022 23:59",'Match History'!AH:AH,B18) +SUMIFS('Match History'!AN:AN,'Match History'!A:A,">=10/01/2022 00:00",'Match History'!A:A,"<=12/31/2022 23:59",'Match History'!AL:AL,B18) +SUMIFS('Match History'!AX:AX,'Match History'!A:A,">=10/01/2022 00:00",'Match History'!A:A,"<=12/31/2022 23:59",'Match History'!AV:AV,B18)+SUMIFS('Match History'!BB:BB,'Match History'!A:A,">=10/01/2022 00:00",'Match History'!A:A,"<=12/31/2022 23:59",'Match History'!AZ:AZ,B18) +SUMIFS('Match History'!BF:BF,'Match History'!A:A,">=10/01/2022 00:00",'Match History'!A:A,"<=12/31/2022 23:59",'Match History'!BD:BD,B18) +SUMIFS('Match History'!BJ:BJ,'Match History'!A:A,">=10/01/2022 00:00",'Match History'!A:A,"<=12/31/2022 23:59",'Match History'!BH:BH,B18))/U18) -> 14
A19: behindfroko | B19: behindfroko | C19: 999.0293 | D19: =NORMDIST(C19,1000,STDEV(Players!$C$2:$C$39)+0.00001,TRUE) -> 0.49531099 | F19: =COUNTIF('Match History'!A:BK,"behindfroko") -> 1 | G19: DE | H19: Team^$tyle | L19: =AND($N19<>"no war", $N19>=DATE(2022, 12, 31)-30, $M19<>TRUE) -> TRUE | M19: FALSE | N19: {=IF(F19=0, "no war", INDEX('Match History'!A:A, MAX(MAX(('Match History'!B:B=B19)*(ROW('Match History'!B:B))),MAX(('Match History'!F:F=B19)*(ROW('Match History'!F:F))),MAX(('Match History'!J:J=B19)*(ROW('Match History'!J:J))),MAX(('Match History'!N:N=B19)*(ROW('Match History'!N:N))),MAX(('Match History'!R:R=B19)*(ROW('Match History'!R:R))),MAX(('Match History'!V:V=B19)*(ROW('Match History'!V:V))),MAX(('Match History'!Z:Z=B19)*(ROW('Match History'!Z:Z))),MAX(('Match History'!AD:AD=B19)*(ROW('Match History'!AD:AD))),MAX(('Match History'!AH:AH=B19)*(ROW('Match History'!AH:AH))),MAX(('Match History'!AL:AL=B19)*(ROW('Match History'!AL:AL))),MAX(('Match History'!AV:AV=B19)*(ROW('Match History'!AV:AV))),MAX(('Match History'!AZ:AZ=B19)*(ROW('Match History'!AZ:AZ))),MAX(('Match History'!BD:BD=B19)*(ROW('Match History'!BD:BD))),MAX(('Match History'!BH:BH=B19)*(ROW('Match History'!BH:BH)))), 1))} -> 44924.998 | O19: =(SUMIF('Match History'!B:B,B19,'Match History'!D:D)+SUMIF('Match History'!F:F,B19,'Match History'!H:H)+SUMIF('Match History'!J:J,B19,'Match History'!L:L)+SUMIF('Match History'!N:N,B19,'Match History'!P:P)+SUMIF('Match History'!R:R,B19,'Match History'!T:T)+SUMIF('Match History'!V:V,B19,'Match History'!X:X)+SUMIF('Match History'!Z:Z,B19,'Match History'!AB:AB)+SUMIF('Match History'!AD:AD,B19,'Match History'!AF:AF)+SUMIF('Match History'!AH:AH,B19,'Match History'!AJ:AJ)+SUMIF('Match History'!AL:AL,B19,'Match History'!AN:AN)+SUMIF('Match History'!AV:AV,B19,'Match History'!AX:AX)+SUMIF('Match History'!AZ:AZ,B19,'Match History'!BB:BB)+SUMIF('Match History'!BD:BD,B19,'Match History'!BF:BF)+SUMIF('Match History'!BH:BH,B19,'Match History'!BJ:BJ))/IF(F19=0,1,F19) -> 25 | P19: {=MAX(MAX(IF('Match History'!B:B=B19,'Match History'!D:D,)),MAX(IF('Match History'!F:F=B19,'Match History'!H:H,)),MAX(IF('Match History'!J:J=B19,'Match History'!L:L,)),MAX(IF('Match History'!N:N=B19,'Match History'!P:P,)),MAX(IF('Match History'!R:R=B19,'Match History'!T:T,)),MAX(IF('Match History'!V:V=B19,'Match History'!X:X,)),MAX(IF('Match History'!Z:Z=B19,'Match History'!AB:AB,)),MAX(IF('Match History'!AD:AD=B19,'Match History'!AF:AF,)),MAX(IF('Match History'!AH:AH=B19,'Match History'!AJ:AJ,)),MAX(IF('Match History'!AL:AL=B19,'Match History'!AN:AN,)),MAX(IF('Match History'!AV:AV=B19,'Match History'!AX:AX,)),MAX(IF('Match History'!AZ:AZ=B19,'Match History'!BB:BB,)),MAX(IF('Match History'!BD:BD=B19,'Match History'!BF:BF,)),MAX(IF('Match History'!BH:BH=B19,'Match History'!BJ:BJ,)))} -> 25 | Q19: {=IF(F19=0,0,MIN(MIN(IF('Match History'!B:B=B19,'Match History'!D:D,999)),MIN(IF('Match History'!F:F=B19,'Match History'!H:H,999)),MIN(IF('Match History'!J:J=B19,'Match History'!L:L,999)),MIN(IF('Match History'!N:N=B19,'Match History'!P:P,999)),MIN(IF('Match History'!R:R=B19,'Match History'!T:T,999)),MIN(IF('Match History'!V:V=B19,'Match History'!X:X,999)),MIN(IF('Match History'!Z:Z=B19,'Match History'!AB:AB,999)),MIN(IF('Match History'!AD:AD=B19,'Match History'!AF:AF,999)),MIN(IF('Match History'!AH:AH=B19,'Match History'!AJ:AJ,999)),MIN(IF('Match History'!AL:AL=B19,'Match History'!AN:AN,999)),MIN(IF('Match History'!AV:AV=B19,'Match History'!AX:AX,999)),MIN(IF('Match History'!AZ:AZ=B19,'Match History'!BB:BB,999)),MIN(IF('Match History'!BD:BD=B19,'Match History'!BF:BF,999)),MIN(IF('Match History'!BH:BH=B19,'Match History'!BJ:BJ,999))))} -> 25 | R19: =COUNTIFS('Match History'!B:B,B19,'Match History'!A:A,">="&(DATE(2022,12,31)-30))+COUNTIFS('Match History'!F:F,B19,'Match History'!A:A,">="&(DATE(2022,12,31)-30))+COUNTIFS('Match History'!J:J,B19,'Match History'!A:A,">="&(DATE(2022,12,31)-30))+COUNTIFS('Match History'!N:N,B19,'Match History'!A:A,">="&(DATE(2022,12,31)-30))+COUNTIFS('Match History'!R:R,B19,'Match History'!A:A,">="&(DATE(2022,12,31)-30))+COUNTIFS('Match History'!V:V,B19,'Match History'!A:A,">="&(DATE(2022,12,31)-30))+COUNTIFS('Match History'!Z:Z,B19,'Match History'!A:A,">="&(DATE(2022,12,31)-30))+COUNTIFS('Match History'!AD:AD,B19,'Match History'!A:A,">="&(DATE(2022,12,31)-30))+COUNTIFS('Match History'!AH:AH,B19,'Match History'!A:A,">="&(DATE(2022,12,31)-30))+COUNTIFS('Match History'!AL:AL,B19,'Match History'!A:A,">="&(DATE(2022,12,31)-30))+COUNTIFS('Match History'!AV:AV,B19,'Match History'!A:A,">="&(DATE(2022,12,31)-30))+COUNTIFS('Match History'!AZ:AZ,B19,'Match History'!A:A,">="&(DATE(2022,12,31)-30))+COUNTIFS('Match History'!BD:BD,B19,'Match History'!A:A,">="&(DATE(2022,12,31)-30))+COUNTIFS('Match History'!BH:BH,B19,'Match History'!A:A,">="&(DATE(2022,12,31)-30)) -> 1 | S19: =COUNTIFS('Match History'!B:B,B19,'Match History'!A:A,">="&(DATE(2022,12,31)-365))+COUNTIFS('Match History'!F:F,B19,'Match History'!A:A,">="&(DATE(2022,12,31)-365))+COUNTIFS('Match History'!J:J,B19,'Match History'!A:A,">="&(DATE(2022,12,31)-365))+COUNTIFS('Match History'!N:N,B19,'Match History'!A:A,">="&(DATE(2022,12,31)-365))+COUNTIFS('Match History'!R:R,B19,'Match History'!A:A,">="&(DATE(2022,12,31)-365))+COUNTIFS('Match History'!V:V,B19,'Match History'!A:A,">="&(DATE(2022,12,31)-365))+COUNTIFS('Match History'!Z:Z,B19,'Match History'!A:A,">="&(DATE(2022,12,31)-365))+COUNTIFS('Match History'!AD:AD,B19,'Match History'!A:A,">="&(DATE(2022,12,31)-365))+COUNTIFS('Match History'!AH:AH,B19,'Match History'!A:A,">="&(DATE(2022,12,31)-365))+COUNTIFS('Match History'!AL:AL,B19,'Match History'!A:A,">="&(DATE(2022,12,31)-365))+COUNTIFS('Match History'!AV:AV,B19,'Match History'!A:A,">="&(DATE(2022,12,31)-365))+COUNTIFS('Match History'!AZ:AZ,B19,'Match History'!A:A,">="&(DATE(2022,12,31)-365))+COUNTIFS('Match History'!BD:BD,B19,'Match History'!A:A,">="&(DATE(2022,12,31)-365))+COUNTIFS('Match History'!BH:BH,B19,'Match History'!A:A,">="&(DATE(2022,12,31)-365)) -> 1 | T19: {=IF(F19=0,0,INDEX('Match History'!B:BK,MATCH(N19,'Match History'!A:A,0),MATCH(B19,INDEX('Match History'!B:BK,MATCH(N19,'Match History'!A:A,0),0),0)+3)-INDEX('Match History'!B:BK,MATCH(N19,'Match History'!A:A,0),MATCH(B19,INDEX('Match History'!B:BK,MATCH(N19,'Match History'!A:A,0),0),0)+1))} -> -0.97070242 | U19: =COUNTIFS('Match History'!B:B,B19,'Match History'!A:A,">="&(DATE(2022,12,31)-92)) +COUNTIFS('Match History'!F:F,B19,'Match History'!A:A,">="&(DATE(2022,12,31)-92)) +COUNTIFS('Match History'!J:J,B19,'Match History'!A:A,">="&(DATE(2022,12,31)-92)) +COUNTIFS('Match History'!N:N,B19,'Match History'!A:A,">="&(DATE(2022,12,31)-92)) +COUNTIFS('Match History'!R:R,B19,'Match History'!A:A,">="&(DATE(2022,12,31)-92)) +COUNTIFS('Match History'!V:V,B19,'Match History'!A:A,">="&(DATE(2022,12,31)-92)) +COUNTIFS('Match History'!Z:Z,B19,'Match History'!A:A,">="&(DATE(2022,12,31)-92)) +COUNTIFS('Match History'!AD:AD,B19,'Match History'!A:A,">="&(DATE(2022,12,31)-92)) +COUNTIFS('Match History'!AH:AH,B19,'Match History'!A:A,">="&(DATE(2022,12,31)-92)) +COUNTIFS('Match History'!AL:AL,B19,'Match History'!A:A,">="&(DATE(2022,12,31)-92)) +COUNTIFS('Match History'!AV:AV,B19,'Match History'!A:A,">="&(DATE(2022,12,31)-92)) +COUNTIFS('Match History'!AZ:AZ,B19,'Match History'!A:A,">="&(DATE(2022,12,31)-92)) +COUNTIFS('Match History'!BD:BD,B19,'Match History'!A:A,">="&(DATE(2022,12,31)-92)) +COUNTIFS('Match History'!BH:BH,B19,'Match History'!A:A,">="&(DATE(2022,12,31)-92)) -> 1 | V19: =IF(U19=0,0,(SUMIFS('Match History'!D:D,'Match History'!A:A,">=10/01/2022 00:00",'Match History'!A:A,"<=12/31/2022 23:59",'Match History'!B:B,B19) +SUMIFS('Match History'!H:H,'Match History'!A:A,">=10/01/2022 00:00",'Match History'!A:A,"<=12/31/2022 23:59",'Match History'!F:F,B19) +SUMIFS('Match History'!L:L,'Match History'!A:A,">=10/01/2022 00:00",'Match History'!A:A,"<=12/31/2022 23:59",'Match History'!J:J,B19) +SUMIFS('Match History'!P:P,'Match History'!A:A,">=10/01/2022 00:00",'Match History'!A:A,"<=12/31/2022 23:59",'Match History'!N:N,B19) +SUMIFS('Match History'!T:T,'Match History'!A:A,">=10/01/2022 00:00",'Match History'!A:A,"<=12/31/2022 23:59",'Match History'!R:R,B19) +SUMIFS('Match History'!X:X,'Match History'!A:A,">=10/01/2022 00:00",'Match History'!A:A,"<=12/31/2022 23:59",'Match History'!V:V,B19) +SUMIFS('Match History'!AB:AB,'Match History'!A:A,">=10/01/2022 00:00",'Match History'!A:A,"<=12/31/2022 23:59",'Match History'!Z:Z,B19) +SUMIFS('Match History'!AF:AF,'Match History'!A:A,">=10/01/2022 00:00",'Match History'!A:A,"<=12/31/2022 23:59",'Match History'!AD:AD,B19) +SUMIFS('Match History'!AJ:AJ,'Match History'!A:A,">=10/01/2022 00:00",'Match History'!A:A,"<=12/31/2022 23:59",'Match History'!AH:AH,B19) +SUMIFS('Match History'!AN:AN,'Match History'!A:A,">=10/01/2022 00:00",'Match History'!A:A,"<=12/31/2022 23:59",'Match History'!AL:AL,B19) +SUMIFS('Match History'!AX:AX,'Match History'!A:A,">=10/01/2022 00:00",'Match History'!A:A,"<=12/31/2022 23:59",'Match History'!AV:AV,B19)+SUMIFS('Match History'!BB:BB,'Match History'!A:A,">=10/01/2022 00:00",'Match History'!A:A,"<=12/31/2022 23:59",'Match History'!AZ:AZ,B19) +SUMIFS('Match History'!BF:BF,'Match History'!A:A,">=10/01/2022 00:00",'Match History'!A:A,"<=12/31/2022 23:59",'Match History'!BD:BD,B19) +SUMIFS('Match History'!BJ:BJ,'Match History'!A:A,">=10/01/2022 00:00",'Match History'!A:A,"<=12/31/2022 23:59",'Match History'!BH:BH,B19))/U19) -> 25
A20: 24JE | B20: 24ej | C20: 998.87967 | D20: =NORMDIST(C20,1000,STDEV(Players!$C$2:$C$39)+0.00001,TRUE) -> 0.49458828 | F20: =COUNTIF('Match History'!B3:BK650,"24ej") -> 2 | G20: BE | L20: =AND($N20<>"no war", $N20>=DATE(2022, 12, 31)-30, $M20<>TRUE) -> FALSE | M20: FALSE | N20: {=IF(F20=0, "no war", INDEX('Match History'!A:A, MAX(MAX(('Match History'!B:B=B20)*(ROW('Match History'!B:B))),MAX(('Match History'!F:F=B20)*(ROW('Match History'!F:F))),MAX(('Match History'!J:J=B20)*(ROW('Match History'!J:J))),MAX(('Match History'!N:N=B20)*(ROW('Match History'!N:N))),MAX(('Match History'!R:R=B20)*(ROW('Match History'!R:R))),MAX(('Match History'!V:V=B20)*(ROW('Match History'!V:V))),MAX(('Match History'!Z:Z=B20)*(ROW('Match History'!Z:Z))),MAX(('Match History'!AD:AD=B20)*(ROW('Match History'!AD:AD))),MAX(('Match History'!AH:AH=B20)*(ROW('Match History'!AH:AH))),MAX(('Match History'!AL:AL=B20)*(ROW('Match History'!AL:AL))),MAX(('Match History'!AV:AV=B20)*(ROW('Match History'!AV:AV))),MAX(('Match History'!AZ:AZ=B20)*(ROW('Match History'!AZ:AZ))),MAX(('Match History'!BD:BD=B20)*(ROW('Match History'!BD:BD))),MAX(('Match History'!BH:BH=B20)*(ROW('Match History'!BH:BH)))), 1))} -> 44441.957 | O20: =(SUMIF('Match History'!B:B,B20,'Match History'!D:D)+SUMIF('Match History'!F:F,B20,'Match History'!H:H)+SUMIF('Match History'!J:J,B20,'Match History'!L:L)+SUMIF('Match History'!N:N,B20,'Match History'!P:P)+SUMIF('Match History'!R:R,B20,'Match History'!T:T)+SUMIF('Match History'!V:V,B20,'Match History'!X:X)+SUMIF('Match History'!Z:Z,B20,'Match History'!AB:AB)+SUMIF('Match History'!AD:AD,B20,'Match History'!AF:AF)+SUMIF('Match History'!AH:AH,B20,'Match History'!AJ:AJ)+SUMIF('Match History'!AL:AL,B20,'Match History'!AN:AN)+SUMIF('Match History'!AV:AV,B20,'Match History'!AX:AX)+SUMIF('Match History'!AZ:AZ,B20,'Match History'!BB:BB)+SUMIF('Match History'!BD:BD,B20,'Match History'!BF:BF)+SUMIF('Match History'!BH:BH,B20,'Match History'!BJ:BJ))/IF(F20=0,1,F20) -> 22 | P20: {=MAX(MAX(IF('Match History'!B:B=B20,'Match History'!D:D,)),MAX(IF('Match History'!F:F=B20,'Match History'!H:H,)),MAX(IF('Match History'!J:J=B20,'Match History'!L:L,)),MAX(IF('Match History'!N:N=B20,'Match History'!P:P,)),MAX(IF('Match History'!R:R=B20,'Match History'!T:T,)),MAX(IF('Match History'!V:V=B20,'Match History'!X:X,)),MAX(IF('Match History'!Z:Z=B20,'Match History'!AB:AB,)),MAX(IF('Match History'!AD:AD=B20,'Match History'!AF:AF,)),MAX(IF('Match History'!AH:AH=B20,'Match History'!AJ:AJ,)),MAX(IF('Match History'!AL:AL=B20,'Match History'!AN:AN,)),MAX(IF('Match History'!AV:AV=B20,'Match History'!AX:AX,)),MAX(IF('Match History'!AZ:AZ=B20,'Match History'!BB:BB,)),MAX(IF('Match History'!BD:BD=B20,'Match History'!BF:BF,)),MAX(IF('Match History'!BH:BH=B20,'Match History'!BJ:BJ,)))} -> 25 | Q20: {=IF(F20=0,0,MIN(MIN(IF('Match History'!B:B=B20,'Match History'!D:D,999)),MIN(IF('Match History'!F:F=B20,'Match History'!H:H,999)),MIN(IF('Match History'!J:J=B20,'Match History'!L:L,999)),MIN(IF('Match History'!N:N=B20,'Match History'!P:P,999)),MIN(IF('Match History'!R:R=B20,'Match History'!T:T,999)),MIN(IF('Match History'!V:V=B20,'Match History'!X:X,999)),MIN(IF('Match History'!Z:Z=B20,'Match History'!AB:AB,999)),MIN(IF('Match History'!AD:AD=B20,'Match History'!AF:AF,999)),MIN(IF('Match History'!AH:AH=B20,'Match History'!AJ:AJ,999)),MIN(IF('Match History'!AL:AL=B20,'Match History'!AN:AN,999)),MIN(IF('Match History'!AV:AV=B20,'Match History'!AX:AX,999)),MIN(IF('Match History'!AZ:AZ=B20,'Match History'!BB:BB,999)),MIN(IF('Match History'!BD:BD=B20,'Match History'!BF:BF,999)),MIN(IF('Match History'!BH:BH=B20,'Match History'!BJ:BJ,999))))} -> 19 | R20: =COUNTIFS('Match History'!B:B,B20,'Match History'!A:A,">="&(DATE(2022,12,31)-30))+COUNTIFS('Match History'!F:F,B20,'Match History'!A:A,">="&(DATE(2022,12,31)-30))+COUNTIFS('Match History'!J:J,B20,'Match History'!A:A,">="&(DATE(2022,12,31)-30))+COUNTIFS('Match History'!N:N,B20,'Match History'!A:A,">="&(DATE(2022,12,31)-30))+COUNTIFS('Match History'!R:R,B20,'Match History'!A:A,">="&(DATE(2022,12,31)-30))+COUNTIFS('Match History'!V:V,B20,'Match History'!A:A,">="&(DATE(2022,12,31)-30))+COUNTIFS('Match History'!Z:Z,B20,'Match History'!A:A,">="&(DATE(2022,12,31)-30))+COUNTIFS('Match History'!AD:AD,B20,'Match History'!A:A,">="&(DATE(2022,12,31)-30))+COUNTIFS('Match History'!AH:AH,B20,'Match History'!A:A,">="&(DATE(2022,12,31)-30))+COUNTIFS('Match History'!AL:AL,B20,'Match History'!A:A,">="&(DATE(2022,12,31)-30))+COUNTIFS('Match History'!AV:AV,B20,'Match History'!A:A,">="&(DATE(2022,12,31)-30))+COUNTIFS('Match History'!AZ:AZ,B20,'Match History'!A:A,">="&(DATE(2022,12,31)-30))+COUNTIFS('Match History'!BD:BD,B20,'Match History'!A:A,">="&(DATE(2022,12,31)-30))+COUNTIFS('Match History'!BH:BH,B20,'Match History'!A:A,">="&(DATE(2022,12,31)-30)) -> 0 | S20: =COUNTIFS('Match History'!B:B,B20,'Match History'!A:A,">="&(DATE(2022,12,31)-365))+COUNTIFS('Match History'!F:F,B20,'Match History'!A:A,">="&(DATE(2022,12,31)-365))+COUNTIFS('Match History'!J:J,B20,'Match History'!A:A,">="&(DATE(2022,12,31)-365))+COUNTIFS('Match History'!N:N,B20,'Match History'!A:A,">="&(DATE(2022,12,31)-365))+COUNTIFS('Match History'!R:R,B20,'Match History'!A:A,">="&(DATE(2022,12,31)-365))+COUNTIFS('Match History'!V:V,B20,'Match History'!A:A,">="&(DATE(2022,12,31)-365))+COUNTIFS('Match History'!Z:Z,B20,'Match History'!A:A,">="&(DATE(2022,12,31)-365))+COUNTIFS('Match History'!AD:AD,B20,'Match History'!A:A,">="&(DATE(2022,12,31)-365))+COUNTIFS('Match History'!AH:AH,B20,'Match History'!A:A,">="&(DATE(2022,12,31)-365))+COUNTIFS('Match History'!AL:AL,B20,'Match History'!A:A,">="&(DATE(2022,12,31)-365))+COUNTIFS('Match History'!AV:AV,B20,'Match History'!A:A,">="&(DATE(2022,12,31)-365))+COUNTIFS('Match History'!AZ:AZ,B20,'Match History'!A:A,">="&(DATE(2022,12,31)-365))+COUNTIFS('Match History'!BD:BD,B20,'Match History'!A:A,">="&(DATE(2022,12,31)-365))+COUNTIFS('Match History'!BH:BH,B20,'Match History'!A:A,">="&(DATE(2022,12,31)-365)) -> 0 | T20: {=IF(F20=0,0,INDEX('Match History'!B:BK,MATCH(N20,'Match History'!A:A,0),MATCH(B20,INDEX('Match History'!B:BK,MATCH(N20,'Match History'!A:A,0),0),0)+3)-INDEX('Match History'!B:BK,MATCH(N20,'Match History'!A:A,0),MATCH(B20,INDEX('Match History'!B:BK,MATCH(N20,'Match History'!A:A,0),0),0)+1))} -> -4.5744725 | U20: =COUNTIFS('Match History'!B:B,B20,'Match History'!A:A,">="&(DATE(2022,12,31)-92)) +COUNTIFS('Match History'!F:F,B20,'Match History'!A:A,">="&(DATE(2022,12,31)-92)) +COUNTIFS('Match History'!J:J,B20,'Match History'!A:A,">="&(DATE(2022,12,31)-92)) +COUNTIFS('Match History'!N:N,B20,'Match History'!A:A,">="&(DATE(2022,12,31)-92)) +COUNTIFS('Match History'!R:R,B20,'Match History'!A:A,">="&(DATE(2022,12,31)-92)) +COUNTIFS('Match History'!V:V,B20,'Match History'!A:A,">="&(DATE(2022,12,31)-92)) +COUNTIFS('Match History'!Z:Z,B20,'Match History'!A:A,">="&(DATE(2022,12,31)-92)) +COUNTIFS('Match History'!AD:AD,B20,'Match History'!A:A,">="&(DATE(2022,12,31)-92)) +COUNTIFS('Match History'!AH:AH,B20,'Match History'!A:A,">="&(DATE(2022,12,31)-92)) +COUNTIFS('Match History'!AL:AL,B20,'Match History'!A:A,">="&(DATE(2022,12,31)-92)) +COUNTIFS('Match History'!AV:AV,B20,'Match History'!A:A,">="&(DATE(2022,12,31)-92)) +COUNTIFS('Match History'!AZ:AZ,B20,'Match History'!A:A,">="&(DATE(2022,12,31)-92)) +COUNTIFS('Match History'!BD:BD,B20,'Match History'!A:A,">="&(DATE(2022,12,31)-92)) +COUNTIFS('Match History'!BH:BH,B20,'Match History'!A:A,">="&(DATE(2022,12,31)-92)) -> 0 | V20: =IF(U20=0,0,(SUMIFS('Match History'!D:D,'Match History'!A:A,">=10/01/2022 00:00",'Match History'!A:A,"<=12/31/2022 23:59",'Match History'!B:B,B20) +SUMIFS('Match History'!H:H,'Match History'!A:A,">=10/01/2022 00:00",'Match History'!A:A,"<=12/31/2022 23:59",'Match History'!F:F,B20) +SUMIFS('Match History'!L:L,'Match History'!A:A,">=10/01/2022 00:00",'Match History'!A:A,"<=12/31/2022 23:59",'Match History'!J:J,B20) +SUMIFS('Match History'!P:P,'Match History'!A:A,">=10/01/2022 00:00",'Match History'!A:A,"<=12/31/2022 23:59",'Match History'!N:N,B20) +SUMIFS('Match History'!T:T,'Match History'!A:A,">=10/01/2022 00:00",'Match History'!A:A,"<=12/31/2022 23:59",'Match History'!R:R,B20) +SUMIFS('Match History'!X:X,'Match History'!A:A,">=10/01/2022 00:00",'Match History'!A:A,"<=12/31/2022 23:59",'Match History'!V:V,B20) +SUMIFS('Match History'!AB:AB,'Match History'!A:A,">=10/01/2022 00:00",'Match History'!A:A,"<=12/31/2022 23:59",'Match History'!Z:Z,B20) +SUMIFS('Match History'!AF:AF,'Match History'!A:A,">=10/01/2022 00:00",'Match History'!A:A,"<=12/31/2022 23:59",'Match History'!AD:AD,B20) +SUMIFS('Match History'!AJ:AJ,'Match History'!A:A,">=10/01/2022 00:00",'Match History'!A:A,"<=12/31/2022 23:59",'Match History'!AH:AH,B20) +SUMIFS('Match History'!AN:AN,'Match History'!A:A,">=10/01/2022 00:00",'Match History'!A:A,"<=12/31/2022 23:59",'Match History'!AL:AL,B20) +SUMIFS('Match History'!AX:AX,'Match History'!A:A,">=10/01/2022 00:00",'Match History'!A:A,"<=12/31/2022 23:59",'Match History'!AV:AV,B20)+SUMIFS('Match History'!BB:BB,'Match History'!A:A,">=10/01/2022 00:00",'Match History'!A:A,"<=12/31/2022 23:59",'Match History'!AZ:AZ,B20) +SUMIFS('Match History'!BF:BF,'Match History'!A:A,">=10/01/2022 00:00",'Match History'!A:A,"<=12/31/2022 23:59",'Match History'!BD:BD,B20) +SUMIFS('Match History'!BJ:BJ,'Match History'!A:A,">=10/01/2022 00:00",'Match History'!A:A,"<=12/31/2022 23:59",'Match History'!BH:BH,B20))/U20) -> 0
A21: fenxy | B21: fanxy | C21: 996.70001 | D21: =NORMDIST(C21,1000,STDEV(Players!$C$2:$C$39)+0.00001,TRUE) -> 0.48406318 | F21: =COUNTIF('Match History'!A:BK,"fanxy") -> 2 | G21: UK | H21: - | L21: =AND($N21<>"no war", $N21>=DATE(2022, 12, 31)-30, $M21<>TRUE) -> TRUE | M21: FALSE | N21: {=IF(F21=0, "no war", INDEX('Match History'!A:A, MAX(MAX(('Match History'!B:B=B21)*(ROW('Match History'!B:B))),MAX(('Match History'!F:F=B21)*(ROW('Match History'!F:F))),MAX(('Match History'!J:J=B21)*(ROW('Match History'!J:J))),MAX(('Match History'!N:N=B21)*(ROW('Match History'!N:N))),MAX(('Match History'!R:R=B21)*(ROW('Match History'!R:R))),MAX(('Match History'!V:V=B21)*(ROW('Match History'!V:V))),MAX(('Match History'!Z:Z=B21)*(ROW('Match History'!Z:Z))),MAX(('Match History'!AD:AD=B21)*(ROW('Match History'!AD:AD))),MAX(('Match History'!AH:AH=B21)*(ROW('Match History'!AH:AH))),MAX(('Match History'!AL:AL=B21)*(ROW('Match History'!AL:AL))),MAX(('Match History'!AV:AV=B21)*(ROW('Match History'!AV:AV))),MAX(('Match History'!AZ:AZ=B21)*(ROW('Match History'!AZ:AZ))),MAX(('Match History'!BD:BD=B21)*(ROW('Match History'!BD:BD))),MAX(('Match History'!BH:BH=B21)*(ROW('Match History'!BH:BH)))), 1))} -> 44912.471 | O21: =(SUMIF('Match History'!B:B,B21,'Match History'!D:D)+SUMIF('Match History'!F:F,B21,'Match History'!H:H)+SUMIF('Match History'!J:J,B21,'Match History'!L:L)+SUMIF('Match History'!N:N,B21,'Match History'!P:P)+SUMIF('Match History'!R:R,B21,'Match History'!T:T)+SUMIF('Match History'!V:V,B21,'Match History'!X:X)+SUMIF('Match History'!Z:Z,B21,'Match History'!AB:AB)+SUMIF('Match History'!AD:AD,B21,'Match History'!AF:AF)+SUMIF('Match History'!AH:AH,B21,'Match History'!AJ:AJ)+SUMIF('Match History'!AL:AL,B21,'Match History'!AN:AN)+SUMIF('Match History'!AV:AV,B21,'Match History'!AX:AX)+SUMIF('Match History'!AZ:AZ,B21,'Match History'!BB:BB)+SUMIF('Match History'!BD:BD,B21,'Match History'!BF:BF)+SUMIF('Match History'!BH:BH,B21,'Match History'!BJ:BJ))/IF(F21=0,1,F21) -> 15.5 | P21: {=MAX(MAX(IF('Match History'!B:B=B21,'Match History'!D:D,)),MAX(IF('Match History'!F:F=B21,'Match History'!H:H,)),MAX(IF('Match History'!J:J=B21,'Match History'!L:L,)),MAX(IF('Match History'!N:N=B21,'Match History'!P:P,)),MAX(IF('Match History'!R:R=B21,'Match History'!T:T,)),MAX(IF('Match History'!V:V=B21,'Match History'!X:X,)),MAX(IF('Match History'!Z:Z=B21,'Match History'!AB:AB,)),MAX(IF('Match History'!AD:AD=B21,'Match History'!AF:AF,)),MAX(IF('Match History'!AH:AH=B21,'Match History'!AJ:AJ,)),MAX(IF('Match History'!AL:AL=B21,'Match History'!AN:AN,)),MAX(IF('Match History'!AV:AV=B21,'Match History'!AX:AX,)),MAX(IF('Match History'!AZ:AZ=B21,'Match History'!BB:BB,)),MAX(IF('Match History'!BD:BD=B21,'Match History'!BF:BF,)),MAX(IF('Match History'!BH:BH=B21,'Match History'!BJ:BJ,)))} -> 21 | Q21: {=IF(F21=0,0,MIN(MIN(IF('Match History'!B:B=B21,'Match History'!D:D,999)),MIN(IF('Match History'!F:F=B21,'Match History'!H:H,999)),MIN(IF('Match History'!J:J=B21,'Match History'!L:L,999)),MIN(IF('Match History'!N:N=B21,'Match History'!P:P,999)),MIN(IF('Match History'!R:R=B21,'Match History'!T:T,999)),MIN(IF('Match History'!V:V=B21,'Match History'!X:X,999)),MIN(IF('Match History'!Z:Z=B21,'Match History'!AB:AB,999)),MIN(IF('Match History'!AD:AD=B21,'Match History'!AF:AF,999)),MIN(IF('Match History'!AH:AH=B21,'Match History'!AJ:AJ,999)),MIN(IF('Match History'!AL:AL=B21,'Match History'!AN:AN,999)),MIN(IF('Match History'!AV:AV=B21,'Match History'!AX:AX,999)),MIN(IF('Match History'!AZ:AZ=B21,'Match History'!BB:BB,999)),MIN(IF('Match History'!BD:BD=B21,'Match History'!BF:BF,999)),MIN(IF('Match History'!BH:BH=B21,'Match History'!BJ:BJ,999))))} -> 10 | R21: =COUNTIFS('Match History'!B:B,B21,'Match History'!A:A,">="&(DATE(2022,12,31)-30))+COUNTIFS('Match History'!F:F,B21,'Match History'!A:A,">="&(DATE(2022,12,31)-30))+COUNTIFS('Match History'!J:J,B21,'Match History'!A:A,">="&(DATE(2022,12,31)-30))+COUNTIFS('Match History'!N:N,B21,'Match History'!A:A,">="&(DATE(2022,12,31)-30))+COUNTIFS('Match History'!R:R,B21,'Match History'!A:A,">="&(DATE(2022,12,31)-30))+COUNTIFS('Match History'!V:V,B21,'Match History'!A:A,">="&(DATE(2022,12,31)-30))+COUNTIFS('Match History'!Z:Z,B21,'Match History'!A:A,">="&(DATE(2022,12,31)-30))+COUNTIFS('Match History'!AD:AD,B21,'Match History'!A:A,">="&(DATE(2022,12,31)-30))+COUNTIFS('Match History'!AH:AH,B21,'Match History'!A:A,">="&(DATE(2022,12,31)-30))+COUNTIFS('Match History'!AL:AL,B21,'Match History'!A:A,">="&(DATE(2022,12,31)-30))+COUNTIFS('Match History'!AV:AV,B21,'Match History'!A:A,">="&(DATE(2022,12,31)-30))+COUNTIFS('Match History'!AZ:AZ,B21,'Match History'!A:A,">="&(DATE(2022,12,31)-30))+COUNTIFS('Match History'!BD:BD,B21,'Match History'!A:A,">="&(DATE(2022,12,31)-30))+COUNTIFS('Match History'!BH:BH,B21,'Match History'!A:A,">="&(DATE(2022,12,31)-30)) -> 1 | S21: =COUNTIFS('Match History'!B:B,B21,'Match History'!A:A,">="&(DATE(2022,12,31)-365))+COUNTIFS('Match History'!F:F,B21,'Match History'!A:A,">="&(DATE(2022,12,31)-365))+COUNTIFS('Match History'!J:J,B21,'Match History'!A:A,">="&(DATE(2022,12,31)-365))+COUNTIFS('Match History'!N:N,B21,'Match History'!A:A,">="&(DATE(2022,12,31)-365))+COUNTIFS('Match History'!R:R,B21,'Match History'!A:A,">="&(DATE(2022,12,31)-365))+COUNTIFS('Match History'!V:V,B21,'Match History'!A:A,">="&(DATE(2022,12,31)-365))+COUNTIFS('Match History'!Z:Z,B21,'Match History'!A:A,">="&(DATE(2022,12,31)-365))+COUNTIFS('Match History'!AD:AD,B21,'Match History'!A:A,">="&(DATE(2022,12,31)-365))+COUNTIFS('Match History'!AH:AH,B21,'Match History'!A:A,">="&(DATE(2022,12,31)-365))+COUNTIFS('Match History'!AL:AL,B21,'Match History'!A:A,">="&(DATE(2022,12,31)-365))+COUNTIFS('Match History'!AV:AV,B21,'Match History'!A:A,">="&(DATE(2022,12,31)-365))+COUNTIFS('Match History'!AZ:AZ,B21,'Match History'!A:A,">="&(DATE(2022,12,31)-365))+COUNTIFS('Match History'!BD:BD,B21,'Match History'!A:A,">="&(DATE(2022,12,31)-365))+COUNTIFS('Match History'!BH:BH,B21,'Match History'!A:A,">="&(DATE(2022,12,31)-365)) -> 1 | T21: {=IF(F21=0,0,INDEX('Match History'!B:BK,MATCH(N21,'Match History'!A:A,0),MATCH(B21,INDEX('Match History'!B:BK,MATCH(N21,'Match History'!A:A,0),0),0)+3)-INDEX('Match History'!B:BK,MATCH(N21,'Match History'!A:A,0),MATCH(B21,INDEX('Match History'!B:BK,MATCH(N21,'Match History'!A:A,0),0),0)+1))} -> -7.406221 | U21: =COUNTIFS('Match History'!B:B,B21,'Match History'!A:A,">="&(DATE(2022,12,31)-92)) +COUNTIFS('Match History'!F:F,B21,'Match History'!A:A,">="&(DATE(2022,12,31)-92)) +COUNTIFS('Match History'!J:J,B21,'Match History'!A:A,">="&(DATE(2022,12,31)-92)) +COUNTIFS('Match History'!N:N,B21,'Match History'!A:A,">="&(DATE(2022,12,31)-92)) +COUNTIFS('Match History'!R:R,B21,'Match History'!A:A,">="&(DATE(2022,12,31)-92)) +COUNTIFS('Match History'!V:V,B21,'Match History'!A:A,">="&(DATE(2022,12,31)-92)) +COUNTIFS('Match History'!Z:Z,B21,'Match History'!A:A,">="&(DATE(2022,12,31)-92)) +COUNTIFS('Match History'!AD:AD,B21,'Match History'!A:A,">="&(DATE(2022,12,31)-92)) +COUNTIFS('Match History'!AH:AH,B21,'Match History'!A:A,">="&(DATE(2022,12,31)-92)) +COUNTIFS('Match History'!AL:AL,B21,'Match History'!A:A,">="&(DATE(2022,12,31)-92)) +COUNTIFS('Match History'!AV:AV,B21,'Match History'!A:A,">="&(DATE(2022,12,31)-92)) +COUNTIFS('Match History'!AZ:AZ,B21,'Match History'!A:A,">="&(DATE(2022,12,31)-92)) +COUNTIFS('Match History'!BD:BD,B21,'Match History'!A:A,">="&(DATE(2022,12,31)-92)) +COUNTIFS('Match History'!BH:BH,B21,'Match History'!A:A,">="&(DATE(2022,12,31)-92)) -> 1 | V21: =IF(U21=0,0,(SUMIFS('Match History'!D:D,'Match History'!A:A,">=10/01/2022 00:00",'Match History'!A:A,"<=12/31/2022 23:59",'Match History'!B:B,B21) +SUMIFS('Match History'!H:H,'Match History'!A:A,">=10/01/2022 00:00",'Match History'!A:A,"<=12/31/2022 23:59",'Match History'!F:F,B21) +SUMIFS('Match History'!L:L,'Match History'!A:A,">=10/01/2022 00:00",'Match History'!A:A,"<=12/31/2022 23:59",'Match History'!J:J,B21) +SUMIFS('Match History'!P:P,'Match History'!A:A,">=10/01/2022 00:00",'Match History'!A:A,"<=12/31/2022 23:59",'Match History'!N:N,B21) +SUMIFS('Match History'!T:T,'Match History'!A:A,">=10/01/2022 00:00",'Match History'!A:A,"<=12/31/2022 23:59",'Match History'!R:R,B21) +SUMIFS('Match History'!X:X,'Match History'!A:A,">=10/01/2022 00:00",'Match History'!A:A,"<=12/31/2022 23:59",'Match History'!V:V,B21) +SUMIFS('Match History'!AB:AB,'Match History'!A:A,">=10/01/2022 00:00",'Match History'!A:A,"<=12/31/2022 23:59",'Match History'!Z:Z,B21) +SUMIFS('Match History'!AF:AF,'Match History'!A:A,">=10/01/2022 00:00",'Match History'!A:A,"<=12/31/2022 23:59",'Match History'!AD:AD,B21) +SUMIFS('Match History'!AJ:AJ,'Match History'!A:A,">=10/01/2022 00:00",'Match History'!A:A,"<=12/31/2022 23:59",'Match History'!AH:AH,B21) +SUMIFS('Match History'!AN:AN,'Match History'!A:A,">=10/01/2022 00:00",'Match History'!A:A,"<=12/31/2022 23:59",'Match History'!AL:AL,B21) +SUMIFS('Match History'!AX:AX,'Match History'!A:A,">=10/01/2022 00:00",'Match History'!A:A,"<=12/31/2022 23:59",'Match History'!AV:AV,B21)+SUMIFS('Match History'!BB:BB,'Match History'!A:A,">=10/01/2022 00:00",'Match History'!A:A,"<=12/31/2022 23:59",'Match History'!AZ:AZ,B21) +SUMIFS('Match History'!BF:BF,'Match History'!A:A,">=10/01/2022 00:00",'Match History'!A:A,"<=12/31/2022 23:59",'Match History'!BD:BD,B21) +SUMIFS('Match History'!BJ:BJ,'Match History'!A:A,">=10/01/2022 00:00",'Match History'!A:A,"<=12/31/2022 23:59",'Match History'!BH:BH,B21))/U21) -> 10
A22: Reyalz | B22: reyalz | C22: 996.60518 | D22: =NORMDIST(C22,1000,STDEV(Players!$C$2:$C$39)+0.00001,TRUE) -> 0.48360544 | F22: =COUNTIF('Match History'!A:BK,"reyalz") -> 2 | G22: UK | H22: - | L22: =AND($N22<>"no war", $N22>=DATE(2022, 12, 31)-30, $M22<>TRUE) -> TRUE | M22: FALSE | N22: {=IF(F22=0, "no war", INDEX('Match History'!A:A, MAX(MAX(('Match History'!B:B=B22)*(ROW('Match History'!B:B))),MAX(('Match History'!F:F=B22)*(ROW('Match History'!F:F))),MAX(('Match History'!J:J=B22)*(ROW('Match History'!J:J))),MAX(('Match History'!N:N=B22)*(ROW('Match History'!N:N))),MAX(('Match History'!R:R=B22)*(ROW('Match History'!R:R))),MAX(('Match History'!V:V=B22)*(ROW('Match History'!V:V))),MAX(('Match History'!Z:Z=B22)*(ROW('Match History'!Z:Z))),MAX(('Match History'!AD:AD=B22)*(ROW('Match History'!AD:AD))),MAX(('Match History'!AH:AH=B22)*(ROW('Match History'!AH:AH))),MAX(('Match History'!AL:AL=B22)*(ROW('Match History'!AL:AL))),MAX(('Match History'!AV:AV=B22)*(ROW('Match History'!AV:AV))),MAX(('Match History'!AZ:AZ=B22)*(ROW('Match History'!AZ:AZ))),MAX(('Match History'!BD:BD=B22)*(ROW('Match History'!BD:BD))),MAX(('Match History'!BH:BH=B22)*(ROW('Match History'!BH:BH)))), 1))} -> 44925.719 | O22: =(SUMIF('Match History'!B:B,B22,'Match History'!D:D)+SUMIF('Match History'!F:F,B22,'Match History'!H:H)+SUMIF('Match History'!J:J,B22,'Match History'!L:L)+SUMIF('Match History'!N:N,B22,'Match History'!P:P)+SUMIF('Match History'!R:R,B22,'Match History'!T:T)+SUMIF('Match History'!V:V,B22,'Match History'!X:X)+SUMIF('Match History'!Z:Z,B22,'Match History'!AB:AB)+SUMIF('Match History'!AD:AD,B22,'Match History'!AF:AF)+SUMIF('Match History'!AH:AH,B22,'Match History'!AJ:AJ)+SUMIF('Match History'!AL:AL,B22,'Match History'!AN:AN)+SUMIF('Match History'!AV:AV,B22,'Match History'!AX:AX)+SUMIF('Match History'!AZ:AZ,B22,'Match History'!BB:BB)+SUMIF('Match History'!BD:BD,B22,'Match History'!BF:BF)+SUMIF('Match History'!BH:BH,B22,'Match History'!BJ:BJ))/IF(F22=0,1,F22) -> 18 | P22: {=MAX(MAX(IF('Match History'!B:B=B22,'Match History'!D:D,)),MAX(IF('Match History'!F:F=B22,'Match History'!H:H,)),MAX(IF('Match History'!J:J=B22,'Match History'!L:L,)),MAX(IF('Match History'!N:N=B22,'Match History'!P:P,)),MAX(IF('Match History'!R:R=B22,'Match History'!T:T,)),MAX(IF('Match History'!V:V=B22,'Match History'!X:X,)),MAX(IF('Match History'!Z:Z=B22,'Match History'!AB:AB,)),MAX(IF('Match History'!AD:AD=B22,'Match History'!AF:AF,)),MAX(IF('Match History'!AH:AH=B22,'Match History'!AJ:AJ,)),MAX(IF('Match History'!AL:AL=B22,'Match History'!AN:AN,)),MAX(IF('Match History'!AV:AV=B22,'Match History'!AX:AX,)),MAX(IF('Match History'!AZ:AZ=B22,'Match History'!BB:BB,)),MAX(IF('Match History'!BD:BD=B22,'Match History'!BF:BF,)),MAX(IF('Match History'!BH:BH=B22,'Match History'!BJ:BJ,)))} -> 23 | Q22: {=IF(F22=0,0,MIN(MIN(IF('Match History'!B:B=B22,'Match History'!D:D,999)),MIN(IF('Match History'!F:F=B22,'Match History'!H:H,999)),MIN(IF('Match History'!J:J=B22,'Match History'!L:L,999)),MIN(IF('Match History'!N:N=B22,'Match History'!P:P,999)),MIN(IF('Match History'!R:R=B22,'Match History'!T:T,999)),MIN(IF('Match History'!V:V=B22,'Match History'!X:X,999)),MIN(IF('Match History'!Z:Z=B22,'Match History'!AB:AB,999)),MIN(IF('Match History'!AD:AD=B22,'Match History'!AF:AF,999)),MIN(IF('Match History'!AH:AH=B22,'Match History'!AJ:AJ,999)),MIN(IF('Match History'!AL:AL=B22,'Match History'!AN:AN,999)),MIN(IF('Match History'!AV:AV=B22,'Match History'!AX:AX,999)),MIN(IF('Match History'!AZ:AZ=B22,'Match History'!BB:BB,999)),MIN(IF('Match History'!BD:BD=B22,'Match History'!BF:BF,999)),MIN(IF('Match History'!BH:BH=B22,'Match History'!BJ:BJ,999))))} -> 13 | R22: =COUNTIFS('Match History'!B:B,B22,'Match History'!A:A,">="&(DATE(2022,12,31)-30))+COUNTIFS('Match History'!F:F,B22,'Match History'!A:A,">="&(DATE(2022,12,31)-30))+COUNTIFS('Match History'!J:J,B22,'Match History'!A:A,">="&(DATE(2022,12,31)-30))+COUNTIFS('Match History'!N:N,B22,'Match History'!A:A,">="&(DATE(2022,12,31)-30))+COUNTIFS('Match History'!R:R,B22,'Match History'!A:A,">="&(DATE(2022,12,31)-30))+COUNTIFS('Match History'!V:V,B22,'Match History'!A:A,">="&(DATE(2022,12,31)-30))+COUNTIFS('Match History'!Z:Z,B22,'Match History'!A:A,">="&(DATE(2022,12,31)-30))+COUNTIFS('Match History'!AD:AD,B22,'Match History'!A:A,">="&(DATE(2022,12,31)-30))+COUNTIFS('Match History'!AH:AH,B22,'Match History'!A:A,">="&(DATE(2022,12,31)-30))+COUNTIFS('Match History'!AL:AL,B22,'Match History'!A:A,">="&(DATE(2022,12,31)-30))+COUNTIFS('Match History'!AV:AV,B22,'Match History'!A:A,">="&(DATE(2022,12,31)-30))+COUNTIFS('Match History'!AZ:AZ,B22,'Match History'!A:A,">="&(DATE(2022,12,31)-30))+COUNTIFS('Match History'!BD:BD,B22,'Match History'!A:A,">="&(DATE(2022,12,31)-30))+COUNTIFS('Match History'!BH:BH,B22,'Match History'!A:A,">="&(DATE(2022,12,31)-30)) -> 2 | S22: =COUNTIFS('Match History'!B:B,B22,'Match History'!A:A,">="&(DATE(2022,12,31)-365))+COUNTIFS('Match History'!F:F,B22,'Match History'!A:A,">="&(DATE(2022,12,31)-365))+COUNTIFS('Match History'!J:J,B22,'Match History'!A:A,">="&(DATE(2022,12,31)-365))+COUNTIFS('Match History'!N:N,B22,'Match History'!A:A,">="&(DATE(2022,12,31)-365))+COUNTIFS('Match History'!R:R,B22,'Match History'!A:A,">="&(DATE(2022,12,31)-365))+COUNTIFS('Match History'!V:V,B22,'Match History'!A:A,">="&(DATE(2022,12,31)-365))+COUNTIFS('Match History'!Z:Z,B22,'Match History'!A:A,">="&(DATE(2022,12,31)-365))+COUNTIFS('Match History'!AD:AD,B22,'Match History'!A:A,">="&(DATE(2022,12,31)-365))+COUNTIFS('Match History'!AH:AH,B22,'Match History'!A:A,">="&(DATE(2022,12,31)-365))+COUNTIFS('Match History'!AL:AL,B22,'Match History'!A:A,">="&(DATE(2022,12,31)-365))+COUNTIFS('Match History'!AV:AV,B22,'Match History'!A:A,">="&(DATE(2022,12,31)-365))+COUNTIFS('Match History'!AZ:AZ,B22,'Match History'!A:A,">="&(DATE(2022,12,31)-365))+COUNTIFS('Match History'!BD:BD,B22,'Match History'!A:A,">="&(DATE(2022,12,31)-365))+COUNTIFS('Match History'!BH:BH,B22,'Match History'!A:A,">="&(DATE(2022,12,31)-365)) -> 2 | T22: {=IF(F22=0,0,INDEX('Match History'!B:BK,MATCH(N22,'Match History'!A:A,0),MATCH(B22,INDEX('Match History'!B:BK,MATCH(N22,'Match History'!A:A,0),0),0)+3)-INDEX('Match History'!B:BK,MATCH(N22,'Match History'!A:A,0),MATCH(B22,INDEX('Match History'!B:BK,MATCH(N22,'Match History'!A:A,0),0),0)+1))} -> 2.8491516 | U22: =COUNTIFS('Match History'!B:B,B22,'Match History'!A:A,">="&(DATE(2022,12,31)-92)) +COUNTIFS('Match History'!F:F,B22,'Match History'!A:A,">="&(DATE(2022,12,31)-92)) +COUNTIFS('Match History'!J:J,B22,'Match History'!A:A,">="&(DATE(2022,12,31)-92)) +COUNTIFS('Match History'!N:N,B22,'Match History'!A:A,">="&(DATE(2022,12,31)-92)) +COUNTIFS('Match History'!R:R,B22,'Match History'!A:A,">="&(DATE(2022,12,31)-92)) +COUNTIFS('Match History'!V:V,B22,'Match History'!A:A,">="&(DATE(2022,12,31)-92)) +COUNTIFS('Match History'!Z:Z,B22,'Match History'!A:A,">="&(DATE(2022,12,31)-92)) +COUNTIFS('Match History'!AD:AD,B22,'Match History'!A:A,">="&(DATE(2022,12,31)-92)) +COUNTIFS('Match History'!AH:AH,B22,'Match History'!A:A,">="&(DATE(2022,12,31)-92)) +COUNTIFS('Match History'!AL:AL,B22,'Match History'!A:A,">="&(DATE(2022,12,31)-92)) +COUNTIFS('Match History'!AV:AV,B22,'Match History'!A:A,">="&(DATE(2022,12,31)-92)) +COUNTIFS('Match History'!AZ:AZ,B22,'Match History'!A:A,">="&(DATE(2022,12,31)-92)) +COUNTIFS('Match History'!BD:BD,B22,'Match History'!A:A,">="&(DATE(2022,12,31)-92)) +COUNTIFS('Match History'!BH:BH,B22,'Match History'!A:A,">="&(DATE(2022,12,31)-92)) -> 2 | V22: =IF(U22=0,0,(SUMIFS('Match History'!D:D,'Match History'!A:A,">=10/01/2022 00:00",'Match History'!A:A,"<=12/31/2022 23:59",'Match History'!B:B,B22) +SUMIFS('Match History'!H:H,'Match History'!A:A,">=10/01/2022 00:00",'Match History'!A:A,"<=12/31/2022 23:59",'Match History'!F:F,B22) +SUMIFS('Match History'!L:L,'Match History'!A:A,">=10/01/2022 00:00",'Match History'!A:A,"<=12/31/2022 23:59",'Match History'!J:J,B22) +SUMIFS('Match History'!P:P,'Match History'!A:A,">=10/01/2022 00:00",'Match History'!A:A,"<=12/31/2022 23:59",'Match History'!N:N,B22) +SUMIFS('Match History'!T:T,'Match History'!A:A,">=10/01/2022 00:00",'Match History'!A:A,"<=12/31/2022 23:59",'Match History'!R:R,B22) +SUMIFS('Match History'!X:X,'Match History'!A:A,">=10/01/2022 00:00",'Match History'!A:A,"<=12/31/2022 23:59",'Match History'!V:V,B22) +SUMIFS('Match History'!AB:AB,'Match History'!A:A,">=10/01/2022 00:00",'Match History'!A:A,"<=12/31/2022 23:59",'Match History'!Z:Z,B22) +SUMIFS('Match History'!AF:AF,'Match History'!A:A,">=10/01/2022 00:00",'Match History'!A:A,"<=12/31/2022 23:59",'Match History'!AD:AD,B22) +SUMIFS('Match History'!AJ:AJ,'Match History'!A:A,">=10/01/2022 00:00",'Match History'!A:A,"<=12/31/2022 23:59",'Match History'!AH:AH,B22) +SUMIFS('Match History'!AN:AN,'Match History'!A:A,">=10/01/2022 00:00",'Match History'!A:A,"<=12/31/2022 23:59",'Match History'!AL:AL,B22) +SUMIFS('Match History'!AX:AX,'Match History'!A:A,">=10/01/2022 00:00",'Match History'!A:A,"<=12/31/2022 23:59",'Match History'!AV:AV,B22)+SUMIFS('Match History'!BB:BB,'Match History'!A:A,">=10/01/2022 00:00",'Match History'!A:A,"<=12/31/2022 23:59",'Match History'!AZ:AZ,B22) +SUMIFS('Match History'!BF:BF,'Match History'!A:A,">=10/01/2022 00:00",'Match History'!A:A,"<=12/31/2022 23:59",'Match History'!BD:BD,B22) +SUMIFS('Match History'!BJ:BJ,'Match History'!A:A,">=10/01/2022 00:00",'Match History'!A:A,"<=12/31/2022 23:59",'Match History'!BH:BH,B22))/U22) -> 18
